Date,Adj Close,Close,High,Low,Open,Volume
2025-01-02,202.34474182128906,213.14999389648438,213.14999389648438,213.14999389648438,213.14999389648438,2.0
2025-01-03,202.05996704101562,212.85000610351562,212.85000610351562,212.85000610351562,212.85000610351562,10.0
2025-01-06,204.7655029296875,215.6999969482422,215.6999969482422,215.6999969482422,215.6999969482422,20.0
2025-01-07,204.7655029296875,215.6999969482422,215.6999969482422,215.6999969482422,215.6999969482422,0.0
2025-01-08,204.7655029296875,215.6999969482422,215.6999969482422,215.6999969482422,215.6999969482422,0.0
2025-01-09,204.7655029296875,215.6999969482422,215.6999969482422,215.6999969482422,215.6999969482422,0.0
2025-01-10,204.7655029296875,215.6999969482422,215.6999969482422,215.6999969482422,215.6999969482422,0.0
2025-01-13,204.7655029296875,215.6999969482422,215.6999969482422,215.6999969482422,215.6999969482422,0.0
2025-01-14,204.7655029296875,215.6999969482422,215.6999969482422,215.6999969482422,215.6999969482422,0.0
2025-01-15,204.7655029296875,215.6999969482422,215.6999969482422,215.6999969482422,215.6999969482422,0.0
2025-01-16,204.7655029296875,215.6999969482422,215.6999969482422,215.6999969482422,215.6999969482422,0.0
2025-01-17,209.0848388671875,220.25,220.25,217.1999969482422,217.1999969482422,84.0
2025-01-20,209.0848388671875,220.25,220.25,220.25,220.25,0.0
2025-01-21,209.0848388671875,220.25,220.25,220.25,220.25,0.0
2025-01-22,204.05349731445312,214.9499969482422,214.9499969482422,214.9499969482422,214.9499969482422,10.0
2025-01-23,206.0470428466797,217.0500030517578,217.0500030517578,217.0500030517578,217.0500030517578,1.0
2025-01-24,206.0470428466797,217.0500030517578,217.0500030517578,217.0500030517578,217.0500030517578,0.0
2025-01-27,206.0470428466797,217.0500030517578,217.0500030517578,217.0500030517578,217.0500030517578,0.0
2025-01-28,206.0470428466797,217.0500030517578,217.0500030517578,217.0500030517578,217.0500030517578,0.0
2025-01-29,205.95213317871094,216.9499969482422,216.9499969482422,216.9499969482422,216.9499969482422,20.0
2025-01-30,225.22305297851562,237.25,237.25,237.25,237.25,10.0
2025-01-31,233.62440490722656,246.10000610351562,248.75,245.1999969482422,248.75,110.0
2025-02-03,236.47232055664062,249.10000610351562,249.10000610351562,245.60000610351562,245.6999969482422,115.0
2025-02-04,236.47232055664062,249.10000610351562,249.10000610351562,249.10000610351562,249.10000610351562,0.0
2025-02-05,236.47232055664062,249.10000610351562,249.10000610351562,249.10000610351562,249.10000610351562,0.0
2025-02-06,236.47232055664062,249.10000610351562,249.10000610351562,249.10000610351562,249.10000610351562,0.0
2025-02-07,236.47232055664062,249.10000610351562,249.10000610351562,249.10000610351562,249.10000610351562,0.0
2025-02-10,230.2315216064453,240.89999389648438,244.10000610351562,240.89999389648438,244.10000610351562,41.0
2025-02-11,233.2420196533203,244.0500030517578,244.0500030517578,241.1999969482422,241.1999969482422,51.0
2025-02-12,234.00660705566406,244.85000610351562,246.75,244.85000610351562,246.75,80.0
2025-02-13,235.01010131835938,245.89999389648438,245.89999389648438,245.35000610351562,245.35000610351562,30.0
2025-02-14,235.96578979492188,246.89999389648438,246.89999389648438,246.89999389648438,246.89999389648438,10.0
2025-02-17,235.96578979492188,246.89999389648438,246.89999389648438,246.89999389648438,246.89999389648438,0.0
2025-02-18,235.96578979492188,246.89999389648438,246.89999389648438,246.89999389648438,246.89999389648438,0.0
2025-02-19,235.96578979492188,246.89999389648438,246.89999389648438,246.89999389648438,246.89999389648438,0.0
2025-02-20,235.96578979492188,246.89999389648438,246.89999389648438,246.89999389648438,246.89999389648438,0.0
2025-02-21,235.96578979492188,246.89999389648438,246.89999389648438,246.89999389648438,246.89999389648438,0.0
2025-02-24,239.26304626464844,250.35000610351562,250.35000610351562,250.10000610351562,250.10000610351562,24.0
2025-02-25,236.9215087890625,247.89999389648438,247.89999389648438,247.89999389648438,247.89999389648438,6.0
2025-02-26,236.9215087890625,247.89999389648438,247.89999389648438,247.89999389648438,247.89999389648438,0.0
2025-02-27,236.9215087890625,247.89999389648438,247.89999389648438,247.89999389648438,247.89999389648438,0.0
2025-02-28,236.9215087890625,247.89999389648438,247.89999389648438,247.89999389648438,247.89999389648438,0.0
2025-03-03,231.99960327148438,242.75,242.75,242.75,242.75,14.0
2025-03-04,226.12196350097656,236.60000610351562,236.75,236.60000610351562,236.75,13.0
2025-03-05,226.12196350097656,236.60000610351562,236.60000610351562,236.60000610351562,236.60000610351562,0.0
2025-03-06,226.12196350097656,236.60000610351562,236.60000610351562,236.60000610351562,236.60000610351562,0.0
2025-03-07,222.0601806640625,232.35000610351562,232.35000610351562,228.3000030517578,228.5500030517578,74.0
2025-03-10,231.99960327148438,242.75,242.75,239.35000610351562,239.35000610351562,90.0
2025-03-11,222.681396484375,233.0,236.60000610351562,233.0,236.60000610351562,85.0
2025-03-12,220.00538635253906,230.1999969482422,230.1999969482422,230.1999969482422,230.1999969482422,24.0
2025-03-13,220.00538635253906,230.1999969482422,230.1999969482422,230.1999969482422,230.1999969482422,0.0
2025-03-14,220.00538635253906,230.1999969482422,230.1999969482422,230.1999969482422,230.1999969482422,0.0
2025-03-17,220.00538635253906,230.1999969482422,230.1999969482422,230.1999969482422,230.1999969482422,0.0
2025-03-18,220.72216796875,230.9499969482422,231.10000610351562,230.9499969482422,231.10000610351562,20.0
2025-03-19,220.72216796875,230.9499969482422,230.9499969482422,230.9499969482422,230.9499969482422,0.0
2025-03-20,218.66738891601562,228.8000030517578,228.8000030517578,228.8000030517578,228.8000030517578,20.0
2025-03-21,215.17901611328125,225.14999389648438,225.14999389648438,225.14999389648438,225.14999389648438,41.0
2025-03-24,215.17901611328125,225.14999389648438,225.14999389648438,225.14999389648438,225.14999389648438,0.0
2025-03-25,215.17901611328125,225.14999389648438,225.14999389648438,225.14999389648438,225.14999389648438,0.0
2025-03-26,215.17901611328125,225.14999389648438,225.14999389648438,225.14999389648438,225.14999389648438,0.0
2025-03-27,215.17901611328125,225.14999389648438,225.14999389648438,225.14999389648438,225.14999389648438,0.0
2025-03-28,215.17901611328125,225.14999389648438,225.14999389648438,225.14999389648438,225.14999389648438,0.0
2025-03-31,215.17901611328125,225.14999389648438,225.14999389648438,225.14999389648438,225.14999389648438,0.0
2025-04-01,219.8142547607422,230.0,230.25,230.0,230.25,29.0
2025-04-02,219.8142547607422,230.0,230.0,230.0,230.0,0.0
2025-04-03,215.17901611328125,225.14999389648438,225.14999389648438,222.85000610351562,222.85000610351562,18.0
2025-04-04,205.95639038085938,215.5,219.35000610351562,213.89999389648438,219.35000610351562,236.0
2025-04-07,191.90740966796875,200.8000030517578,204.8000030517578,189.83999633789062,189.83999633789062,706.0
2025-04-08,199.9353790283203,209.1999969482422,209.4499969482422,209.1999969482422,209.1999969482422,80.0
2025-04-09,189.26962280273438,198.0399932861328,199.83999633789062,195.27999877929688,195.27999877929688,78.0
2025-04-10,200.8433074951172,210.14999389648438,210.14999389648438,210.14999389648438,210.14999389648438,40.0
2025-04-11,191.1046142578125,199.9600067138672,199.9600067138672,199.9600067138672,199.9600067138672,40.0
2025-04-14,191.1046142578125,199.9600067138672,199.9600067138672,199.9600067138672,199.9600067138672,0.0
2025-04-15,191.1046142578125,199.9600067138672,199.9600067138672,199.9600067138672,199.9600067138672,0.0
2025-04-16,200.7477264404297,210.0500030517578,210.0500030517578,210.0500030517578,210.0500030517578,20.0
2025-04-17,202.03794860839844,211.39999389648438,211.39999389648438,211.39999389648438,211.39999389648438,45.0
2025-04-22,202.03794860839844,211.39999389648438,211.39999389648438,211.39999389648438,211.39999389648438,0.0
2025-04-23,205.86082458496094,215.39999389648438,215.39999389648438,215.39999389648438,215.39999389648438,1.0
2025-04-24,192.57638549804688,201.5,201.5,200.6999969482422,200.6999969482422,60.0
2025-04-25,192.57638549804688,201.5,201.5,201.5,201.5,0.0
2025-04-28,192.57638549804688,201.5,201.5,201.5,201.5,0.0
2025-04-29,192.57638549804688,201.5,201.5,201.5,201.5,0.0
2025-04-30,198.83631896972656,208.0500030517578,209.3000030517578,208.0500030517578,209.3000030517578,36.0
2025-05-01,198.83631896972656,208.0500030517578,208.0500030517578,208.0500030517578,208.0500030517578,0.0
2025-05-02,198.83631896972656,208.0500030517578,208.0500030517578,208.0500030517578,208.0500030517578,0.0
2025-05-06,198.83631896972656,208.0500030517578,208.0500030517578,208.0500030517578,208.0500030517578,0.0
2025-05-07,198.83631896972656,208.0500030517578,208.0500030517578,208.0500030517578,208.0500030517578,0.0
2025-05-08,198.83631896972656,208.0500030517578,208.0500030517578,208.0500030517578,208.0500030517578,0.0
2025-05-09,213.1249237060547,221.1999969482422,224.60000610351562,221.1999969482422,224.60000610351562,80.0
2025-05-12,220.59201049804688,228.9499969482422,230.8000030517578,228.9499969482422,230.8000030517578,59.0
2025-05-13,220.59201049804688,228.9499969482422,228.9499969482422,228.9499969482422,228.9499969482422,0.0
2025-05-14,220.59201049804688,228.9499969482422,228.9499969482422,228.9499969482422,228.9499969482422,0.0
2025-05-15,221.12193298339844,229.5,229.5,229.5,229.5,10.0
2025-05-16,221.12193298339844,229.5,229.5,229.5,229.5,0.0
2025-05-19,221.12193298339844,229.5,229.5,229.5,229.5,0.0
2025-05-20,228.4445037841797,237.10000610351562,237.10000610351562,237.10000610351562,237.10000610351562,10.0
2025-05-21,223.7715606689453,232.25,232.25,231.89999389648438,231.89999389648438,26.0
2025-05-22,222.27813720703125,230.6999969482422,230.85000610351562,230.6999969482422,230.85000610351562,15.0
2025-05-23,218.85772705078125,227.14999389648438,228.5,227.14999389648438,228.5,41.0
2025-05-27,218.85772705078125,227.14999389648438,227.14999389648438,227.14999389648438,227.14999389648438,0.0
2025-05-28,218.85772705078125,227.14999389648438,227.14999389648438,227.14999389648438,227.14999389648438,0.0
2025-05-29,220.11026000976562,228.4499969482422,228.4499969482422,228.4499969482422,228.4499969482422,20.0
2025-05-30,218.90591430664062,227.1999969482422,227.3000030517578,227.1999969482422,227.3000030517578,90.0
2025-06-02,218.47235107421875,226.75,226.75,225.75,225.75,20.0
2025-06-03,223.434326171875,231.89999389648438,231.89999389648438,231.89999389648438,231.89999389648438,40.0
2025-06-04,224.3978271484375,232.89999389648438,232.89999389648438,232.39999389648438,232.39999389648438,12.0
2025-06-05,224.3978271484375,232.89999389648438,232.89999389648438,232.89999389648438,232.89999389648438,0.0
2025-06-06,226.854736328125,235.4499969482422,235.4499969482422,234.14999389648438,234.75,25.0
2025-06-09,227.48101806640625,236.10000610351562,236.10000610351562,235.4499969482422,235.4499969482422,11.0
2025-06-10,227.48101806640625,236.10000610351562,236.10000610351562,236.10000610351562,236.10000610351562,0.0
2025-06-11,227.48101806640625,236.10000610351562,236.10000610351562,236.10000610351562,236.10000610351562,0.0
2025-06-12,234.51451110839844,243.39999389648438,243.39999389648438,243.39999389648438,243.39999389648438,21.0
2025-06-13,233.02110290527344,241.85000610351562,242.0500030517578,240.4499969482422,240.4499969482422,228.0
2025-06-16,235.71888732910156,244.64999389648438,244.64999389648438,240.89999389648438,240.89999389648438,20.0
2025-06-17,237.5013427734375,246.5,246.5,246.5,246.5,10.0
2025-06-18,238.46484375,247.5,247.5,247.5,247.5,50.0
2025-06-19,236.826904296875,245.8000030517578,245.8000030517578,245.8000030517578,245.8000030517578,15.0
2025-06-20,236.7305450439453,245.6999969482422,245.6999969482422,243.9499969482422,243.9499969482422,80.0
2025-06-23,236.7305450439453,245.6999969482422,245.6999969482422,245.6999969482422,245.6999969482422,0.0
2025-06-24,241.5480194091797,250.6999969482422,250.6999969482422,250.6999969482422,250.6999969482422,10.0
2025-06-25,241.5480194091797,250.6999969482422,250.6999969482422,250.6999969482422,250.6999969482422,0.0
2025-06-26,239.5247039794922,248.60000610351562,249.35000610351562,248.60000610351562,249.35000610351562,20.0
2025-06-27,239.5247039794922,248.60000610351562,248.60000610351562,248.60000610351562,248.60000610351562,0.0
2025-06-30,239.86190795898438,248.9499969482422,248.9499969482422,248.9499969482422,248.9499969482422,3.0
2025-07-01,239.86190795898438,248.9499969482422,248.9499969482422,248.9499969482422,248.9499969482422,0.0
2025-07-02,238.99476623535156,248.0500030517578,248.0500030517578,248.0500030517578,248.0500030517578,2.0
2025-07-03,238.99476623535156,248.0500030517578,248.0500030517578,248.0500030517578,248.0500030517578,0.0
2025-07-04,238.99476623535156,248.0500030517578,248.0500030517578,248.0500030517578,248.0500030517578,0.0
2025-07-07,238.56121826171875,247.60000610351562,247.60000610351562,247.60000610351562,247.60000610351562,10.0
2025-07-08,238.56121826171875,247.60000610351562,247.60000610351562,247.60000610351562,247.60000610351562,0.0
2025-07-09,238.4166717529297,247.4499969482422,247.4499969482422,247.4499969482422,247.4499969482422,10.0
2025-07-10,238.4166717529297,247.4499969482422,247.4499969482422,247.4499969482422,247.4499969482422,0.0
2025-07-11,238.4166717529297,247.4499969482422,247.4499969482422,247.4499969482422,247.4499969482422,0.0
2025-07-14,232.49118041992188,241.3000030517578,241.3000030517578,241.3000030517578,241.3000030517578,10.0
2025-07-15,232.49118041992188,241.3000030517578,241.3000030517578,241.3000030517578,241.3000030517578,0.0
2025-07-16,232.49118041992188,241.3000030517578,241.3000030517578,241.3000030517578,241.3000030517578,0.0
2025-07-17,232.49118041992188,241.3000030517578,241.3000030517578,241.3000030517578,241.3000030517578,0.0
2025-07-18,232.49118041992188,241.3000030517578,241.3000030517578,241.3000030517578,241.3000030517578,0.0
2025-07-21,237.26048278808594,246.25,246.25,246.25,246.25,10.0
2025-07-22,235.18898010253906,244.10000610351562,244.10000610351562,244.10000610351562,244.10000610351562,20.0
2025-07-23,234.94810485839844,243.85000610351562,243.85000610351562,242.75,242.75,20.0
2025-07-24,209.31915283203125,217.25,227.35000610351562,217.25,227.35000610351562,44.0
2025-07-25,213.31764221191406,221.39999389648438,222.1999969482422,221.39999389648438,222.1999969482422,41.0
2025-07-28,215.9190673828125,224.10000610351562,224.10000610351562,224.10000610351562,224.10000610351562,10.0
2025-07-29,221.31463623046875,229.6999969482422,229.6999969482422,227.64999389648438,227.64999389648438,20.0
2025-07-30,221.31463623046875,229.6999969482422,229.6999969482422,229.6999969482422,229.6999969482422,0.0
2025-07-31,218.08694458007812,226.35000610351562,227.39999389648438,226.35000610351562,227.39999389648438,37.0
2025-08-01,218.08694458007812,226.35000610351562,226.35000610351562,226.35000610351562,226.35000610351562,0.0
2025-08-04,218.08694458007812,226.35000610351562,226.35000610351562,226.35000610351562,226.35000610351562,0.0
2025-08-05,218.08694458007812,226.35000610351562,226.35000610351562,226.35000610351562,226.35000610351562,0.0
2025-08-06,218.08694458007812,226.35000610351562,226.35000610351562,226.35000610351562,226.35000610351562,0.0
2025-08-07,218.08694458007812,226.35000610351562,226.35000610351562,226.35000610351562,226.35000610351562,0.0
2025-08-08,207.92372131347656,214.1999969482422,214.6999969482422,214.1999969482422,214.6999969482422,40.0
2025-08-11,207.92372131347656,214.1999969482422,214.1999969482422,214.1999969482422,214.1999969482422,0.0
2025-08-12,194.67369079589844,200.5500030517578,204.25,200.5500030517578,204.25,82.0
2025-08-13,196.08120727539062,202.0,202.0,201.1999969482422,201.1999969482422,40.0
2025-08-14,197.3430938720703,203.3000030517578,206.35000610351562,203.3000030517578,206.35000610351562,108.0
2025-08-15,198.26527404785156,204.25,204.3000030517578,203.89999389648438,204.0,85.0
2025-08-18,200.59494018554688,206.64999389648438,206.64999389648438,205.4499969482422,205.4499969482422,29.0
2025-08-19,200.59494018554688,206.64999389648438,206.64999389648438,206.64999389648438,206.64999389648438,0.0
2025-08-20,201.5656280517578,207.64999389648438,207.64999389648438,207.64999389648438,207.64999389648438,87.0
2025-08-21,201.4200439453125,207.5,208.3000030517578,207.5,208.3000030517578,46.0
2025-08-22,201.4200439453125,207.5,207.5,207.5,207.5,0.0
2025-08-26,200.78909301757812,206.85000610351562,207.39999389648438,206.85000610351562,207.39999389648438,28.0
2025-08-27,200.78909301757812,206.85000610351562,206.85000610351562,206.85000610351562,206.85000610351562,0.0
2025-08-28,202.97315979003906,209.10000610351562,209.10000610351562,209.10000610351562,209.10000610351562,2.0
2025-08-29,202.97315979003906,209.10000610351562,209.10000610351562,209.10000610351562,209.10000610351562,0.0
2025-09-01,201.12881469726562,207.1999969482422,207.1999969482422,206.1999969482422,206.3000030517578,91.0
2025-09-02,199.38156127929688,205.39999389648438,208.4499969482422,205.39999389648438,208.4499969482422,67.0
2025-09-03,200.78909301757812,206.85000610351562,206.85000610351562,206.85000610351562,206.85000610351562,1.0
2025-09-04,203.31288146972656,209.4499969482422,210.85000610351562,209.4499969482422,210.85000610351562,40.0
2025-09-05,205.88525390625,212.10000610351562,212.10000610351562,212.10000610351562,212.10000610351562,26.0
2025-09-08,206.1764678955078,212.39999389648438,212.39999389648438,212.39999389648438,212.39999389648438,4.0
2025-09-09,211.2726287841797,217.64999389648438,217.64999389648438,217.64999389648438,217.64999389648438,10.0
2025-09-10,215.49517822265625,222.0,222.0,221.25,221.60000610351562,61.0
2025-09-11,215.49517822265625,222.0,222.0,222.0,222.0,0.0
2025-09-12,212.77720642089844,219.1999969482422,219.1999969482422,217.9499969482422,217.9499969482422,27.0
2025-09-15,211.0784912109375,217.4499969482422,218.89999389648438,216.39999389648438,216.39999389648438,131.0
2025-09-16,210.98141479492188,217.35000610351562,217.35000610351562,217.1999969482422,217.1999969482422,20.0
2025-09-17,211.66091918945312,218.0500030517578,218.0500030517578,216.5500030517578,216.9499969482422,74.0
2025-09-18,211.66091918945312,218.0500030517578,218.0500030517578,218.0500030517578,218.0500030517578,0.0
2025-09-19,218.698486328125,225.3000030517578,227.14999389648438,225.0500030517578,226.9499969482422,49.0
2025-09-22,218.941162109375,225.5500030517578,226.35000610351562,225.5500030517578,226.35000610351562,40.0
2025-09-23,218.941162109375,225.5500030517578,225.5500030517578,225.5500030517578,225.5500030517578,0.0
2025-09-24,224.95948791503906,231.75,231.85000610351562,231.75,231.85000610351562,20.0
2025-09-25,225.2992401123047,232.10000610351562,235.14999389648438,228.3000030517578,228.3000030517578,349.0
2025-09-26,236.9476318359375,244.10000610351562,244.10000610351562,240.1999969482422,241.10000610351562,92.0
2025-09-29,236.31666564941406,243.4499969482422,243.4499969482422,243.4499969482422,243.4499969482422,10.0
2025-09-30,229.5217742919922,236.4499969482422,236.4499969482422,236.4499969482422,236.4499969482422,10.0
2025-10-01,229.5217742919922,236.4499969482422,236.4499969482422,236.4499969482422,236.4499969482422,0.0
2025-10-02,229.5217742919922,236.4499969482422,236.4499969482422,236.4499969482422,236.4499969482422,0.0
2025-10-03,229.5217742919922,236.4499969482422,236.4499969482422,236.4499969482422,236.4499969482422,0.0
2025-10-06,229.5217742919922,236.4499969482422,236.4499969482422,236.4499969482422,236.4499969482422,0.0
2025-10-07,247.57679748535156,255.0500030517578,255.0500030517578,255.0500030517578,255.0500030517578,2.0
2025-10-08,247.57679748535156,255.0500030517578,255.0500030517578,255.0500030517578,255.0500030517578,0.0
2025-10-09,247.57679748535156,255.0500030517578,255.0500030517578,255.0500030517578,255.0500030517578,0.0
2025-10-10,247.57679748535156,255.0500030517578,255.0500030517578,255.0500030517578,255.0500030517578,0.0
2025-10-13,247.57679748535156,255.0500030517578,255.0500030517578,255.0500030517578,255.0500030517578,0.0
2025-10-14,247.57679748535156,255.0500030517578,255.0500030517578,255.0500030517578,255.0500030517578,0.0
2025-10-15,247.57679748535156,255.0500030517578,255.0500030517578,255.0500030517578,255.0500030517578,0.0
2025-10-16,247.57679748535156,255.0500030517578,255.0500030517578,255.0500030517578,255.0500030517578,0.0
2025-10-17,247.57679748535156,255.0500030517578,255.0500030517578,255.0500030517578,255.0500030517578,0.0
2025-10-20,247.57679748535156,255.0500030517578,255.0500030517578,255.0500030517578,255.0500030517578,0.0
2025-10-21,247.57679748535156,255.0500030517578,255.0500030517578,255.0500030517578,255.0500030517578,0.0
2025-10-22,236.2196044921875,243.35000610351562,243.35000610351562,243.35000610351562,243.35000610351562,21.0
2025-10-23,236.2196044921875,243.35000610351562,243.35000610351562,243.35000610351562,243.35000610351562,0.0
2025-10-24,236.2196044921875,243.35000610351562,243.35000610351562,243.35000610351562,243.35000610351562,0.0
2025-10-27,236.2196044921875,243.35000610351562,243.35000610351562,243.35000610351562,243.35000610351562,0.0
2025-10-28,236.2196044921875,243.35000610351562,243.35000610351562,243.35000610351562,243.35000610351562,0.0
2025-10-29,236.2196044921875,243.35000610351562,243.35000610351562,243.35000610351562,243.35000610351562,0.0
2025-10-30,236.2196044921875,243.35000610351562,243.35000610351562,243.35000610351562,243.35000610351562,0.0
2025-10-31,236.2196044921875,243.35000610351562,243.35000610351562,243.35000610351562,243.35000610351562,0.0
2025-11-03,236.2196044921875,243.35000610351562,243.35000610351562,243.35000610351562,243.35000610351562,0.0
2025-11-04,236.2196044921875,243.35000610351562,243.35000610351562,243.35000610351562,243.35000610351562,0.0
2025-11-05,236.2196044921875,243.35000610351562,243.35000610351562,243.35000610351562,243.35000610351562,0.0
2025-11-06,236.2196044921875,243.35000610351562,243.35000610351562,243.35000610351562,243.35000610351562,0.0
2025-11-07,236.2196044921875,243.35000610351562,243.35000610351562,243.35000610351562,243.35000610351562,0.0
2025-11-10,237.86170959472656,243.35000610351562,243.35000610351562,243.35000610351562,243.35000610351562,0.0
2025-11-11,237.86170959472656,243.35000610351562,243.35000610351562,243.35000610351562,243.35000610351562,0.0
2025-11-12,237.86170959472656,243.35000610351562,243.35000610351562,243.35000610351562,243.35000610351562,0.0
2025-11-13,237.86170959472656,243.35000610351562,243.35000610351562,243.35000610351562,243.35000610351562,0.0
2025-11-14,237.86170959472656,243.35000610351562,243.35000610351562,243.35000610351562,243.35000610351562,0.0
2025-11-17,237.86170959472656,243.35000610351562,243.35000610351562,243.35000610351562,243.35000610351562,0.0
2025-11-18,237.86170959472656,243.35000610351562,243.35000610351562,243.35000610351562,243.35000610351562,0.0
2025-11-19,237.86170959472656,243.35000610351562,243.35000610351562,243.35000610351562,243.35000610351562,0.0
2025-11-20,237.86170959472656,243.35000610351562,243.35000610351562,243.35000610351562,243.35000610351562,0.0
2025-11-21,237.86170959472656,243.35000610351562,243.35000610351562,243.35000610351562,243.35000610351562,0.0
2025-11-24,237.86170959472656,243.35000610351562,243.35000610351562,243.35000610351562,243.35000610351562,0.0
2025-11-25,237.86170959472656,243.35000610351562,243.35000610351562,243.35000610351562,243.35000610351562,0.0
2025-11-26,237.86170959472656,243.35000610351562,243.35000610351562,243.35000610351562,243.35000610351562,0.0
2025-11-27,237.86170959472656,243.35000610351562,243.35000610351562,243.35000610351562,243.35000610351562,0.0
2025-11-28,237.86170959472656,243.35000610351562,243.35000610351562,243.35000610351562,243.35000610351562,0.0
2025-12-01,237.86170959472656,243.35000610351562,243.35000610351562,243.35000610351562,243.35000610351562,0.0
2025-12-02,237.86170959472656,243.35000610351562,243.35000610351562,243.35000610351562,243.35000610351562,0.0
2025-12-03,237.86170959472656,243.35000610351562,243.35000610351562,243.35000610351562,243.35000610351562,0.0
2025-12-04,237.86170959472656,243.35000610351562,243.35000610351562,243.35000610351562,243.35000610351562,0.0
2025-12-05,237.86170959472656,243.35000610351562,243.35000610351562,243.35000610351562,243.35000610351562,0.0
2025-12-08,237.86170959472656,243.35000610351562,243.35000610351562,243.35000610351562,243.35000610351562,0.0
2025-12-09,237.86170959472656,243.35000610351562,243.35000610351562,243.35000610351562,243.35000610351562,0.0
2025-12-10,237.86170959472656,243.35000610351562,243.35000610351562,243.35000610351562,243.35000610351562,0.0
2025-12-11,237.86170959472656,243.35000610351562,243.35000610351562,243.35000610351562,243.35000610351562,0.0
2025-12-12,237.86170959472656,243.35000610351562,243.35000610351562,243.35000610351562,243.35000610351562,0.0
2025-12-15,237.86170959472656,243.35000610351562,243.35000610351562,243.35000610351562,243.35000610351562,0.0
2025-12-16,237.86170959472656,243.35000610351562,243.35000610351562,243.35000610351562,243.35000610351562,0.0
2025-12-17,237.86170959472656,243.35000610351562,243.35000610351562,243.35000610351562,243.35000610351562,0.0
2025-12-18,237.86170959472656,243.35000610351562,243.35000610351562,243.35000610351562,243.35000610351562,0.0
2025-12-19,237.86170959472656,243.35000610351562,243.35000610351562,243.35000610351562,243.35000610351562,0.0
2025-12-22,237.86170959472656,243.35000610351562,243.35000610351562,243.35000610351562,243.35000610351562,0.0
2025-12-23,237.86170959472656,243.35000610351562,243.35000610351562,243.35000610351562,243.35000610351562,0.0
2025-12-24,237.86170959472656,243.35000610351562,243.35000610351562,243.35000610351562,243.35000610351562,0.0
2025-12-29,237.86170959472656,243.35000610351562,243.35000610351562,243.35000610351562,243.35000610351562,0.0
2025-12-30,237.86170959472656,243.35000610351562,243.35000610351562,243.35000610351562,243.35000610351562,0.0
2025-12-31,237.86170959472656,243.35000610351562,243.35000610351562,243.35000610351562,243.35000610351562,0.0
2026-01-02,237.86170959472656,243.35000610351562,243.35000610351562,243.35000610351562,243.35000610351562,0.0
2026-01-05,237.86170959472656,243.35000610351562,243.35000610351562,243.35000610351562,243.35000610351562,0.0
2026-01-06,237.86170959472656,243.35000610351562,243.35000610351562,243.35000610351562,243.35000610351562,0.0
2026-01-07,237.86170959472656,243.35000610351562,243.35000610351562,243.35000610351562,243.35000610351562,0.0
2026-01-08,237.86170959472656,243.35000610351562,243.35000610351562,243.35000610351562,243.35000610351562,0.0
2026-01-09,237.86170959472656,243.35000610351562,243.35000610351562,243.35000610351562,243.35000610351562,0.0
2026-01-12,237.86170959472656,243.35000610351562,243.35000610351562,243.35000610351562,243.35000610351562,0.0
2026-01-13,237.86170959472656,243.35000610351562,243.35000610351562,243.35000610351562,243.35000610351562,0.0
2026-01-14,237.86170959472656,243.35000610351562,243.35000610351562,243.35000610351562,243.35000610351562,0.0
2026-01-15,237.86170959472656,243.35000610351562,243.35000610351562,243.35000610351562,243.35000610351562,0.0
2026-01-16,237.86170959472656,243.35000610351562,243.35000610351562,243.35000610351562,243.35000610351562,0.0
2026-01-19,237.86170959472656,243.35000610351562,243.35000610351562,243.35000610351562,243.35000610351562,0.0
2026-01-20,237.86170959472656,243.35000610351562,243.35000610351562,243.35000610351562,243.35000610351562,0.0
2026-01-21,237.86170959472656,243.35000610351562,243.35000610351562,243.35000610351562,243.35000610351562,0.0
2026-01-22,237.86170959472656,243.35000610351562,243.35000610351562,243.35000610351562,243.35000610351562,0.0
2026-01-23,237.86170959472656,243.35000610351562,243.35000610351562,243.35000610351562,243.35000610351562,0.0
2026-01-26,237.86170959472656,243.35000610351562,243.35000610351562,243.35000610351562,243.35000610351562,0.0
2026-01-27,237.86170959472656,243.35000610351562,243.35000610351562,243.35000610351562,243.35000610351562,0.0
2026-01-28,237.86170959472656,243.35000610351562,243.35000610351562,243.35000610351562,243.35000610351562,0.0
2026-01-29,237.86170959472656,243.35000610351562,243.35000610351562,243.35000610351562,243.35000610351562,0.0
2026-01-30,237.86170959472656,243.35000610351562,243.35000610351562,243.35000610351562,243.35000610351562,0.0
2026-02-02,237.86170959472656,243.35000610351562,243.35000610351562,243.35000610351562,243.35000610351562,0.0
2026-02-03,237.86170959472656,243.35000610351562,243.35000610351562,243.35000610351562,243.35000610351562,0.0
2026-02-04,237.86170959472656,243.35000610351562,243.35000610351562,243.35000610351562,243.35000610351562,0.0
2026-02-05,237.86170959472656,243.35000610351562,243.35000610351562,243.35000610351562,243.35000610351562,0.0
2026-02-06,237.86170959472656,243.35000610351562,243.35000610351562,243.35000610351562,243.35000610351562,0.0
2026-02-09,237.86170959472656,243.35000610351562,243.35000610351562,243.35000610351562,243.35000610351562,0.0
2026-02-10,239.51524353027344,243.35000610351562,243.35000610351562,243.35000610351562,243.35000610351562,0.0
2026-02-11,239.51524353027344,243.35000610351562,243.35000610351562,243.35000610351562,243.35000610351562,0.0
2026-02-12,239.51524353027344,243.35000610351562,243.35000610351562,243.35000610351562,243.35000610351562,0.0
2026-02-13,239.51524353027344,243.35000610351562,243.35000610351562,243.35000610351562,243.35000610351562,0.0
2026-02-16,239.51524353027344,243.35000610351562,243.35000610351562,243.35000610351562,243.35000610351562,0.0
2026-02-17,239.51524353027344,243.35000610351562,243.35000610351562,243.35000610351562,243.35000610351562,0.0
2026-02-18,239.51524353027344,243.35000610351562,243.35000610351562,243.35000610351562,243.35000610351562,0.0
2026-02-19,239.51524353027344,243.35000610351562,243.35000610351562,243.35000610351562,243.35000610351562,0.0
2026-02-20,239.51524353027344,243.35000610351562,243.35000610351562,243.35000610351562,243.35000610351562,0.0
2026-02-23,239.51524353027344,243.35000610351562,243.35000610351562,243.35000610351562,243.35000610351562,0.0
2026-02-24,239.51524353027344,243.35000610351562,243.35000610351562,243.35000610351562,243.35000610351562,0.0
2026-02-25,239.51524353027344,243.35000610351562,243.35000610351562,243.35000610351562,243.35000610351562,0.0
2026-02-26,239.51524353027344,243.35000610351562,243.35000610351562,243.35000610351562,243.35000610351562,0.0
2026-02-27,239.51524353027344,243.35000610351562,243.35000610351562,243.35000610351562,243.35000610351562,0.0
2026-03-02,239.51524353027344,243.35000610351562,243.35000610351562,243.35000610351562,243.35000610351562,0.0
2026-03-03,239.51524353027344,243.35000610351562,243.35000610351562,243.35000610351562,243.35000610351562,0.0
2026-03-04,239.51524353027344,243.35000610351562,243.35000610351562,243.35000610351562,243.35000610351562,0.0
2026-03-05,239.51524353027344,243.35000610351562,243.35000610351562,243.35000610351562,243.35000610351562,0.0
2026-03-06,239.51524353027344,243.35000610351562,243.35000610351562,243.35000610351562,243.35000610351562,0.0
2026-03-09,239.51524353027344,243.35000610351562,243.35000610351562,243.35000610351562,243.35000610351562,0.0
2026-03-10,239.51524353027344,243.35000610351562,243.35000610351562,243.35000610351562,243.35000610351562,0.0
2026-03-11,239.51524353027344,243.35000610351562,243.35000610351562,243.35000610351562,243.35000610351562,0.0
2026-03-12,239.51524353027344,243.35000610351562,243.35000610351562,243.35000610351562,243.35000610351562,0.0
2026-03-13,239.51524353027344,243.35000610351562,243.35000610351562,243.35000610351562,243.35000610351562,0.0
2026-03-16,239.51524353027344,243.35000610351562,243.35000610351562,243.35000610351562,243.35000610351562,0.0
2026-03-17,239.51524353027344,243.35000610351562,243.35000610351562,243.35000610351562,243.35000610351562,0.0
2026-03-18,239.51524353027344,243.35000610351562,243.35000610351562,243.35000610351562,243.35000610351562,0.0
2026-03-19,239.51524353027344,243.35000610351562,243.35000610351562,243.35000610351562,243.35000610351562,0.0
2026-03-20,239.51524353027344,243.35000610351562,243.35000610351562,243.35000610351562,243.35000610351562,0.0
2026-03-23,239.51524353027344,243.35000610351562,243.35000610351562,243.35000610351562,243.35000610351562,0.0
2026-03-24,239.51524353027344,243.35000610351562,243.35000610351562,243.35000610351562,243.35000610351562,0.0
2026-03-25,239.51524353027344,243.35000610351562,243.35000610351562,243.35000610351562,243.35000610351562,0.0
2026-03-26,239.51524353027344,243.35000610351562,243.35000610351562,243.35000610351562,243.35000610351562,0.0
2026-03-27,239.51524353027344,243.35000610351562,243.35000610351562,243.35000610351562,243.35000610351562,0.0
2026-03-30,239.51524353027344,243.35000610351562,243.35000610351562,243.35000610351562,243.35000610351562,0.0
2026-03-31,239.51524353027344,243.35000610351562,243.35000610351562,243.35000610351562,243.35000610351562,0.0
2026-04-01,239.51524353027344,243.35000610351562,243.35000610351562,243.35000610351562,243.35000610351562,0.0
2026-04-02,239.51524353027344,243.35000610351562,243.35000610351562,243.35000610351562,243.35000610351562,0.0
2026-04-07,239.51524353027344,243.35000610351562,243.35000610351562,243.35000610351562,243.35000610351562,0.0
2026-04-08,239.51524353027344,243.35000610351562,243.35000610351562,243.35000610351562,243.35000610351562,0.0
2026-04-09,239.51524353027344,243.35000610351562,243.35000610351562,243.35000610351562,243.35000610351562,0.0
2026-04-10,239.51524353027344,243.35000610351562,243.35000610351562,243.35000610351562,243.35000610351562,0.0
2026-04-13,239.51524353027344,243.35000610351562,243.35000610351562,243.35000610351562,243.35000610351562,0.0
2026-04-14,239.51524353027344,243.35000610351562,243.35000610351562,243.35000610351562,243.35000610351562,0.0
2026-04-15,239.51524353027344,243.35000610351562,243.35000610351562,243.35000610351562,243.35000610351562,0.0
2026-04-16,239.51524353027344,243.35000610351562,243.35000610351562,243.35000610351562,243.35000610351562,0.0
2026-04-17,239.51524353027344,243.35000610351562,243.35000610351562,243.35000610351562,243.35000610351562,0.0
2026-04-20,239.51524353027344,243.35000610351562,243.35000610351562,243.35000610351562,243.35000610351562,0.0
2026-04-21,239.51524353027344,243.35000610351562,243.35000610351562,243.35000610351562,243.35000610351562,0.0
2026-04-22,239.51524353027344,243.35000610351562,243.35000610351562,243.35000610351562,243.35000610351562,0.0
2026-04-23,239.51524353027344,243.35000610351562,243.35000610351562,243.35000610351562,243.35000610351562,0.0
2026-04-24,239.51524353027344,243.35000610351562,243.35000610351562,243.35000610351562,243.35000610351562,0.0
2026-04-27,239.51524353027344,243.35000610351562,243.35000610351562,243.35000610351562,243.35000610351562,0.0
2026-04-28,239.51524353027344,243.35000610351562,243.35000610351562,243.35000610351562,243.35000610351562,0.0
2026-04-29,239.51524353027344,243.35000610351562,243.35000610351562,243.35000610351562,243.35000610351562,0.0
2026-04-30,239.51524353027344,243.35000610351562,243.35000610351562,243.35000610351562,243.35000610351562,0.0
2026-05-01,239.51524353027344,243.35000610351562,243.35000610351562,243.35000610351562,243.35000610351562,0.0
2026-05-05,239.51524353027344,243.35000610351562,243.35000610351562,243.35000610351562,243.35000610351562,0.0
2026-05-06,239.51524353027344,243.35000610351562,243.35000610351562,243.35000610351562,243.35000610351562,0.0
2026-05-07,239.51524353027344,243.35000610351562,243.35000610351562,243.35000610351562,243.35000610351562,0.0
2026-05-08,241.19024658203125,243.35000610351562,243.35000610351562,243.35000610351562,243.35000610351562,0.0
2026-05-11,241.19024658203125,243.35000610351562,243.35000610351562,243.35000610351562,243.35000610351562,0.0
2026-05-12,241.19024658203125,243.35000610351562,243.35000610351562,243.35000610351562,243.35000610351562,0.0
2026-05-13,241.19024658203125,243.35000610351562,243.35000610351562,243.35000610351562,243.35000610351562,0.0
2026-05-14,241.19024658203125,243.35000610351562,243.35000610351562,243.35000610351562,243.35000610351562,0.0
2026-05-15,241.19024658203125,243.35000610351562,243.35000610351562,243.35000610351562,243.35000610351562,0.0
2026-05-18,241.19024658203125,243.35000610351562,243.35000610351562,243.35000610351562,243.35000610351562,0.0
2026-05-19,241.19024658203125,243.35000610351562,243.35000610351562,243.35000610351562,243.35000610351562,0.0
2026-05-20,241.19024658203125,243.35000610351562,243.35000610351562,243.35000610351562,243.35000610351562,0.0
2026-05-21,241.19024658203125,243.35000610351562,243.35000610351562,243.35000610351562,243.35000610351562,0.0
2026-05-22,241.19024658203125,243.35000610351562,243.35000610351562,243.35000610351562,243.35000610351562,0.0
2026-05-26,221.3677520751953,223.35000610351562,223.35000610351562,223.35000610351562,223.35000610351562,0.0
2026-05-27,221.3677520751953,223.35000610351562,223.35000610351562,223.35000610351562,223.35000610351562,0.0
2026-05-28,221.3677520751953,223.35000610351562,223.35000610351562,223.35000610351562,223.35000610351562,0.0
2026-05-29,242.3795928955078,244.5500030517578,244.5500030517578,237.6999969482422,239.85000610351562,201.0
2026-06-01,274.5415954589844,277.0,280.0,270.1000061035156,272.0,248.0
2026-06-02,274.5415954589844,277.0,277.0,277.0,277.0,0.0
2026-06-03,274.5415954589844,277.0,277.0,277.0,277.0,0.0
2026-06-04,259.0800476074219,261.3999938964844,261.3999938964844,257.8500061035156,257.8500061035156,48.0
2026-06-05,254.42176818847656,256.70001220703125,256.70001220703125,256.70001220703125,256.70001220703125,49.0
2026-06-08,254.42176818847656,256.70001220703125,256.70001220703125,256.70001220703125,256.70001220703125,0.0
2026-06-09,254.42176818847656,256.70001220703125,256.70001220703125,256.70001220703125,256.70001220703125,0.0
2026-06-10,254.42176818847656,256.70001220703125,256.70001220703125,256.70001220703125,256.70001220703125,0.0
2026-06-11,254.42176818847656,256.70001220703125,256.70001220703125,256.70001220703125,256.70001220703125,0.0
2026-06-12,254.42176818847656,256.70001220703125,256.70001220703125,256.70001220703125,256.70001220703125,0.0
2026-06-15,254.42176818847656,256.70001220703125,256.70001220703125,256.70001220703125,256.70001220703125,0.0
2026-06-16,254.42176818847656,256.70001220703125,256.70001220703125,256.70001220703125,256.70001220703125,0.0
2026-06-17,254.42176818847656,256.70001220703125,256.70001220703125,256.70001220703125,256.70001220703125,0.0
2026-06-18,254.42176818847656,256.70001220703125,256.70001220703125,256.70001220703125,256.70001220703125,0.0
2026-06-19,214.08297729492188,216.0,216.4499969482422,215.75,216.3000030517578,217.0
2026-06-22,214.08297729492188,216.0,216.0,216.0,216.0,0.0
2026-06-23,214.08297729492188,216.0,216.0,216.0,216.0,0.0
2026-06-24,214.08297729492188,216.0,216.0,216.0,216.0,0.0
2026-06-25,235.44171142578125,237.5500030517578,240.0,237.5500030517578,240.0,8.0
2026-06-26,235.44171142578125,237.5500030517578,237.5500030517578,237.5500030517578,237.5500030517578,0.0
2026-06-29,238.56375122070312,240.6999969482422,240.6999969482422,240.6999969482422,240.6999969482422,15.0
2026-06-30,241.43801879882812,243.60000610351562,244.0,243.60000610351562,244.0,297.0
2026-07-01,241.43801879882812,243.60000610351562,243.60000610351562,243.60000610351562,243.60000610351562,0.0
2026-07-02,241.43801879882812,243.60000610351562,243.60000610351562,243.60000610351562,243.60000610351562,0.0
2026-07-03,241.43801879882812,243.60000610351562,243.60000610351562,243.60000610351562,243.60000610351562,0.0
2026-07-06,241.43801879882812,243.60000610351562,243.60000610351562,243.60000610351562,243.60000610351562,0.0
2026-07-07,264.4320983886719,266.79998779296875,266.79998779296875,266.79998779296875,266.79998779296875,50.0
2026-07-08,264.4320983886719,266.79998779296875,266.79998779296875,266.79998779296875,266.79998779296875,0.0
2026-07-09,264.4320983886719,266.79998779296875,266.79998779296875,266.79998779296875,266.79998779296875,0.0
2026-07-10,264.4320983886719,266.79998779296875,266.79998779296875,266.79998779296875,266.79998779296875,0.0
2026-07-13,264.4320983886719,266.79998779296875,266.79998779296875,266.79998779296875,266.79998779296875,0.0
2026-07-14,193.26934814453125,195.0,249.85000610351562,195.0,249.85000610351562,21.0
2026-07-15,193.26934814453125,195.0,195.0,195.0,195.0,0.0
2026-07-16,193.26934814453125,195.0,195.0,195.0,195.0,0.0
2026-07-17,193.26934814453125,195.0,195.0,195.0,195.0,0.0
2026-07-20,183.41757202148438,185.05999755859375,185.05999755859375,185.05999755859375,185.05999755859375,22.0
2026-07-21,183.41757202148438,185.05999755859375,185.05999755859375,185.05999755859375,185.05999755859375,0.0
2026-07-22,183.41757202148438,185.05999755859375,185.05999755859375,185.05999755859375,185.05999755859375,0.0
2026-07-23,176.2120819091797,177.7899932861328,180.25999450683594,177.7899932861328,180.25999450683594,264.0
2026-07-24,182.80307006835938,184.44000244140625,184.44000244140625,184.44000244140625,184.44000244140625,20.0
2026-07-27,188.72999572753906,190.4199981689453,190.4199981689453,190.4199981689453,190.4199981689453,18.0
2026-07-28,188.72999572753906,190.4199981689453,190.4199981689453,190.4199981689453,190.4199981689453,0.0
2026-07-29,188.72999572753906,190.4199981689453,190.4199981689453,190.4199981689453,190.4199981689453,0.0
2026-07-30,188.72999572753906,190.4199981689453,190.4199981689453,190.4199981689453,190.4199981689453,0.0
2026-07-31,188.72999572753906,190.4199981689453,190.4199981689453,190.4199981689453,190.4199981689453,0.0
2026-08-03,188.72999572753906,190.4199981689453,190.4199981689453,190.4199981689453,190.4199981689453,0.0
2026-08-04,188.72999572753906,190.4199981689453,190.4199981689453,190.4199981689453,190.4199981689453,0.0
2026-08-05,188.72999572753906,190.4199981689453,190.4199981689453,190.4199981689453,190.4199981689453,0.0
2026-08-06,188.72999572753906,190.4199981689453,190.4199981689453,190.4199981689453,190.4199981689453,0.0
2026-08-07,188.72999572753906,190.4199981689453,190.4199981689453,190.4199981689453,190.4199981689453,0.0
2026-08-10,190.4199981689453,190.4199981689453,190.4199981689453,190.4199981689453,190.4199981689453,0.0
2026-08-11,190.4199981689453,190.4199981689453,190.4199981689453,190.4199981689453,190.4199981689453,0.0
2026-08-12,190.4199981689453,190.4199981689453,190.4199981689453,190.4199981689453,190.4199981689453,0.0
2026-08-13,190.4199981689453,190.4199981689453,190.4199981689453,190.4199981689453,190.4199981689453,0.0
2026-08-14,190.4199981689453,190.4199981689453,190.4199981689453,190.4199981689453,190.4199981689453,0.0
2026-08-17,190.4199981689453,190.4199981689453,190.4199981689453,190.4199981689453,190.4199981689453,0.0
2026-08-18,190.4199981689453,190.4199981689453,190.4199981689453,190.4199981689453,190.4199981689453,0.0
2026-08-19,190.4199981689453,190.4199981689453,190.4199981689453,190.4199981689453,190.4199981689453,0.0
2026-08-20,190.4199981689453,190.4199981689453,190.4199981689453,190.4199981689453,190.4199981689453,0.0
2026-08-21,203.0,203.0,203.0,203.0,203.0,28.0
2026-08-24,203.0,203.0,203.0,203.0,203.0,0.0
2026-08-25,203.0,203.0,203.0,203.0,203.0,0.0
2026-08-26,203.0,203.0,203.0,203.0,203.0,0.0
2026-08-27,203.0,203.0,203.0,203.0,203.0,0.0
2026-08-28,203.0,203.0,203.0,203.0,203.0,0.0
2026-09-01,203.0,203.0,203.0,203.0,203.0,0.0
2026-09-02,203.0,203.0,203.0,203.0,203.0,0.0
2026-09-03,203.0,203.0,203.0,203.0,203.0,0.0
2026-09-04,203.0,203.0,203.0,203.0,203.0,0.0
2026-09-07,201.5,201.5,201.5,200.14999389648438,200.14999389648438,45.0
