client_id,ticker,weight
synthetic_0000,454,0.0040154229267613051
synthetic_0000,51,0.0013368675233498446
synthetic_0000,296,0.003297237917902479
synthetic_0000,399,0.0021885406279258538
synthetic_0000,86,0.0018528847585390299
synthetic_0000,5,0.00052623797448501355
synthetic_0000,277,0.0027822055821674547
synthetic_0000,408,0.00039452343840274296
synthetic_0000,12,0.0033221110598993997
synthetic_0000,436,0.0010944581792392636
synthetic_0000,7,9.3145637200013799e-05
synthetic_0000,122,9.4262645441368809e-05
synthetic_0000,327,0.0032723656700708076
synthetic_0000,331,0.0023282548872196572
synthetic_0000,444,0.00064459717097177245
synthetic_0000,63,0.00066676648311787335
synthetic_0000,271,0.00090239717437402248
synthetic_0000,56,0.00028393597737779233
synthetic_0000,130,0.00090136132132330351
synthetic_0000,282,0.00084246045456728297
synthetic_0000,215,0.0035568766275755077
synthetic_0000,359,0.00064823663665920545
synthetic_0000,489,0.0014999584008497492
synthetic_0000,208,0.00017821333292889849
synthetic_0000,458,0.010141930425549018
synthetic_0000,161,0.0028953012398911493
synthetic_0000,193,0.0022086060135438931
synthetic_0000,209,0.00088340233031960211
synthetic_0000,197,0.0011494920582037584
synthetic_0000,313,0.00076421496094151596
synthetic_0000,416,0.00025818364075998375
synthetic_0000,70,0.00054239312845390751
synthetic_0000,337,0.0020910877223570454
synthetic_0000,375,6.4665277786969661e-05
synthetic_0000,14,0.0021991412219591585
synthetic_0000,398,0.0039819173951895969
synthetic_0000,300,0.001446876287272554
synthetic_0000,379,0.0016805064550920177
synthetic_0000,386,0.0029803241150494243
synthetic_0000,350,0.001403478759648361
synthetic_0000,411,0.0018098139223544131
synthetic_0000,115,0.00032616154003222401
synthetic_0000,11,0.00022567489847324059
synthetic_0000,347,0.00039373077114628356
synthetic_0000,397,8.9262043143797735e-06
synthetic_0000,412,0.0007672542343842519
synthetic_0000,364,0.0028169892748401049
synthetic_0000,419,6.4493065219941705e-05
synthetic_0000,485,0.0055406949462923653
synthetic_0000,4,0.00057203394183194816
synthetic_0000,437,0.0092213027554879125
synthetic_0000,345,0.00077402869848253641
synthetic_0000,2,0.0094507221898219428
synthetic_0000,402,2.7357230344468088e-05
synthetic_0000,131,0.0019193552652093881
synthetic_0000,151,0.00086813186800312257
synthetic_0000,163,0.004799406948266971
synthetic_0000,369,0.00092600716549011484
synthetic_0000,292,0.00077837258325391255
synthetic_0000,382,0.0042559576973142449
synthetic_0000,73,0.00013403116038295673
synthetic_0000,477,0.0013319151424843751
synthetic_0000,127,0.0013742707243199919
synthetic_0000,237,0.0023080898534518592
synthetic_0000,25,0.001860983089121676
synthetic_0000,212,0.00022715295508188556
synthetic_0000,406,0.00057486856293737301
synthetic_0000,290,0.0018249101832375279
synthetic_0000,429,2.7061648536140431e-05
synthetic_0000,139,0.0016553016124848019
synthetic_0000,273,0.00047728472312153153
synthetic_0000,233,0.0021671037201584525
synthetic_0000,270,0.00020582081322187502
synthetic_0000,200,0.004393098670640333
synthetic_0000,20,0.0037685356192021478
synthetic_0000,353,3.704688097544461e-05
synthetic_0000,403,0.00041348210417691179
synthetic_0000,330,0.0033729309429430384
synthetic_0000,101,0.0034347899288396959
synthetic_0000,455,0.00049619356087361201
synthetic_0000,413,0.00012150849528796074
synthetic_0000,239,0.0024698454792921147
synthetic_0000,295,0.00026362836365577961
synthetic_0000,289,0.0013981443032544136
synthetic_0000,109,0.00024932760354665111
synthetic_0000,435,0.0069931083842439115
synthetic_0000,217,0.00011085546666176297
synthetic_0000,490,0.00070374643767035666
synthetic_0000,473,0.00017742540847316614
synthetic_0000,498,0.0034306040366146621
synthetic_0000,321,5.6372678679346258e-05
synthetic_0000,389,0.0023472342580812822
synthetic_0000,388,0.0044374858133110137
synthetic_0000,320,0.0038102610307679343
synthetic_0000,10,0.00068560826693893806
synthetic_0000,216,0.00021002965589656715
synthetic_0000,205,0.0020613492273249719
synthetic_0000,360,0.0045122521142523042
synthetic_0000,53,0.00041358761088747237
synthetic_0000,250,0.0030453964944131403
synthetic_0000,1,0.00026376183404534125
synthetic_0000,262,8.8529817645918601e-06
synthetic_0000,168,0.0005813034032214749
synthetic_0000,322,0.0004446612352600958
synthetic_0000,244,0.0013595383151034496
synthetic_0000,263,0.0090300186678436683
synthetic_0000,457,0.0037093613457237422
synthetic_0000,396,0.00025647830452871592
synthetic_0000,45,0.0017207842787145332
synthetic_0000,377,0.0010359525492231465
synthetic_0000,269,0.0014134345618282617
synthetic_0000,476,0.0099796933176292887
synthetic_0000,451,0.0011211614025972716
synthetic_0000,420,0.00056498093315657553
synthetic_0000,111,0.0020883001499308277
synthetic_0000,181,0.0046198291361630008
synthetic_0000,22,0.0029912972177056885
synthetic_0000,333,0.00024348937757792371
synthetic_0000,249,0.00095573494022913898
synthetic_0000,104,0.0013629034077526959
synthetic_0000,425,0.0027053389692263223
synthetic_0000,120,0.0017983869537362863
synthetic_0000,255,0.0014963052403961037
synthetic_0000,138,0.0045846486941567097
synthetic_0000,43,0.0081666995427167825
synthetic_0000,310,0.00076112153858743617
synthetic_0000,95,0.0022219607532133084
synthetic_0000,162,0.0043818533743043946
synthetic_0000,234,0.00043707324370904839
synthetic_0000,404,0.0021721398787652611
synthetic_0000,97,0.00027555919244228691
synthetic_0000,62,0.0023849511967912098
synthetic_0000,297,0.0022482496677871545
synthetic_0000,126,0.00075272243486933764
synthetic_0000,376,0.0040566286653693391
synthetic_0000,82,0.00013788047601573182
synthetic_0000,140,0.001305135444471438
synthetic_0000,466,0.00028582261386605345
synthetic_0000,17,0.0026662533636298497
synthetic_0000,246,0.0038470016883384072
synthetic_0000,0,0.0072085249228228771
synthetic_0000,28,2.1378027993865609e-05
synthetic_0000,470,0.00036971438169208337
synthetic_0000,319,0.0080015792805624934
synthetic_0000,329,0.0082238509759253176
synthetic_0000,38,0.0057293145880931932
synthetic_0000,65,0.0022860763799006146
synthetic_0000,427,0.00067429953966437336
synthetic_0000,304,0.00057189592193885609
synthetic_0000,278,0.00027108124842497932
synthetic_0000,456,0.001252646995340366
synthetic_0000,487,7.7472067784918432e-05
synthetic_0000,66,0.00060979264522507525
synthetic_0000,430,0.00089760086795502179
synthetic_0000,90,0.0017117784638053079
synthetic_0000,105,0.0031918592001646245
synthetic_0000,467,0.00019416671428598923
synthetic_0000,220,0.00012475699217564187
synthetic_0000,24,0.0049388236819165009
synthetic_0000,210,0.0051349253392334515
synthetic_0000,293,0.00064690554072627715
synthetic_0000,287,0.00058151991200094445
synthetic_0000,433,0.0010776747211193442
synthetic_0000,185,0.0032865757537475331
synthetic_0000,154,0.00063786865203676029
synthetic_0000,141,0.0032478679469851749
synthetic_0000,44,8.0807047082380082e-05
synthetic_0000,107,0.0083854837106082086
synthetic_0000,323,0.00074830921374989534
synthetic_0000,280,0.0022309579290604813
synthetic_0000,94,0.000100680249669845
synthetic_0000,314,0.00035940498234561026
synthetic_0000,260,0.0020793967052476175
synthetic_0000,48,0.0046426127101781263
synthetic_0000,191,0.010400760382632639
synthetic_0000,142,0.0035772587251195558
synthetic_0000,474,0.00091308052733202725
synthetic_0000,178,0.0002369463135130755
synthetic_0000,245,0.0018140552448432804
synthetic_0000,50,0.0028058296047132887
synthetic_0000,59,0.0015270045215548082
synthetic_0000,393,0.0008885992866458929
synthetic_0000,77,0.00054221369899818783
synthetic_0000,37,0.0050749924447345465
synthetic_0000,196,0.00022818506518853328
synthetic_0000,307,0.00035315231491711021
synthetic_0000,301,0.00037671567492874973
synthetic_0000,187,0.00029101043867680828
synthetic_0000,235,0.004621104402132435
synthetic_0000,143,0.00087676694282142766
synthetic_0000,400,0.0049107573164834601
synthetic_0000,81,0.00074609606903425663
synthetic_0000,343,0.0013679680738365476
synthetic_0000,110,0.0024682833694833202
synthetic_0000,415,0.00057718790681107409
synthetic_0000,41,0.00041298462636635768
synthetic_0000,116,0.0064836915154379282
synthetic_0000,54,0.0011104669683973433
synthetic_0000,158,0.00021279635724285144
synthetic_0000,311,0.0008364171644676332
synthetic_0000,332,0.00025335719403811393
synthetic_0000,484,0.005093643650561649
synthetic_0000,285,0.00015087306394256827
synthetic_0000,338,0.00067465521007941862
synthetic_0000,491,0.00028530367010341128
synthetic_0000,316,0.00071596918825495796
synthetic_0000,449,0.00044200187193689283
synthetic_0000,36,8.6042442390597422e-05
synthetic_0000,144,0.0024599299387097697
synthetic_0000,128,0.00011191444412438351
synthetic_0000,291,0.0033066798001005074
synthetic_0000,34,0.0044689669218092084
synthetic_0000,257,0.0023033267602545994
synthetic_0000,103,0.0016305810075563797
synthetic_0000,69,0.00084638999914278177
synthetic_0000,426,0.0010644257402626087
synthetic_0000,55,0.0034680986581750277
synthetic_0000,149,0.00043876767867040591
synthetic_0000,469,1.8379804438544411e-05
synthetic_0000,346,0.0065007452309843476
synthetic_0000,276,3.879237038635504e-05
synthetic_0000,392,0.0033097461760335182
synthetic_0000,305,0.0053206944513269974
synthetic_0000,114,0.0013031309194666886
synthetic_0000,348,0.00054115970144192759
synthetic_0000,342,0.00035847673909961537
synthetic_0000,463,0.001690174137081757
synthetic_0000,438,0.0010722037766921419
synthetic_0000,475,0.0011828606215705407
synthetic_0000,440,0.0025376895095662756
synthetic_0000,170,0.0081464994430917106
synthetic_0000,157,0.0012427368172764873
synthetic_0000,202,0.0014731549103940054
synthetic_0000,108,0.0011985835025631294
synthetic_0000,125,0.0007356412058746706
synthetic_0000,98,0.0015521914581175824
synthetic_0000,447,0.00082426255628626345
synthetic_0000,354,0.002570971833327231
synthetic_0000,80,0.0020073168352591144
synthetic_0000,306,0.001118135131018088
synthetic_0000,468,0.0030764406090349936
synthetic_0000,121,0.0032134875374035046
synthetic_0000,372,0.0019498036799616265
synthetic_0000,89,0.00070152001098435358
synthetic_0000,254,0.00011304960508161701
synthetic_0000,39,0.00068563925134066089
synthetic_0000,93,0.0042217197858315904
synthetic_0000,186,0.00044690984941392445
synthetic_0000,164,0.0037489137878947546
synthetic_0000,471,0.0010649412870969988
synthetic_0000,222,-0.0009749735574057024
synthetic_0000,182,-0.0020416270339065445
synthetic_0000,410,-0.0010524269950306826
synthetic_0000,383,-0.0040221103611915851
synthetic_0000,317,-0.00013558021712392675
synthetic_0000,294,-0.0023471190178668152
synthetic_0000,204,-0.00050621943684862414
synthetic_0000,363,-0.0014459933199713875
synthetic_0000,174,-0.0038092849006572359
synthetic_0000,6,-1.8284221455808745e-05
synthetic_0000,71,-0.00023885940630562623
synthetic_0000,460,-0.0011526487127688227
synthetic_0000,225,-0.00017568317194320709
synthetic_0000,340,-0.00025588383237193526
synthetic_0000,32,-0.0026237554850530075
synthetic_0000,253,-0.001044919029203267
synthetic_0000,112,-0.0039676738761652173
synthetic_0000,494,-0.00024487969127226007
synthetic_0000,31,-0.001754394492833673
synthetic_0000,432,-0.0043034477289968726
synthetic_0000,60,-0.0036397166861106829
synthetic_0000,414,-0.0076680889451517225
synthetic_0000,448,-0.00547013679302871
synthetic_0000,439,-0.00064307920592602348
synthetic_0000,184,-0.0025047421146154976
synthetic_0000,236,-0.00038360474614854855
synthetic_0000,373,-0.0032982065406899027
synthetic_0000,145,-0.0030867776986970696
synthetic_0000,284,-0.00050906961515333508
synthetic_0000,424,-0.0098660945322183152
synthetic_0000,339,-0.00051647718067964041
synthetic_0000,303,-3.7338001346176433e-05
synthetic_0000,352,-7.6765528804373934e-05
synthetic_0000,146,-0.00094699488506507726
synthetic_0000,35,-0.0013516904439404658
synthetic_0000,312,-0.0014832336671027125
synthetic_0000,409,-0.0083059315429599538
synthetic_0000,85,-0.0027079147438846896
synthetic_0000,283,-0.0098956569535093922
synthetic_0000,481,-0.005832640697814165
synthetic_0000,46,-0.00083044319876685003
synthetic_0000,179,-0.00070463742934306374
synthetic_0000,189,-0.00052078950439333354
synthetic_0000,194,-0.0021081209963512721
synthetic_0000,247,-0.00052951673719116212
synthetic_0000,64,-0.0013171207758590369
synthetic_0000,199,-0.00043890720214234181
synthetic_0000,136,-0.00015448642444195159
synthetic_0000,281,-0.0017682928942254316
synthetic_0000,83,-0.0041199553034612091
synthetic_0000,261,-0.0096774520941091732
synthetic_0000,421,-0.00037620506935164233
synthetic_0000,248,-4.3209441049752187e-05
synthetic_0000,172,-0.00058873181943762843
synthetic_0000,227,-0.00067573552721146676
synthetic_0000,328,-0.00097574738746194708
synthetic_0000,119,-0.0016913994265596178
synthetic_0000,192,-0.0005543159914493176
synthetic_0000,230,-0.0013214119315163827
synthetic_0000,137,-0.0011777598902569773
synthetic_0000,462,-0.0013368124736116108
synthetic_0000,482,-0.0023029001890621011
synthetic_0000,68,-0.0025573959771682661
synthetic_0000,266,-0.0034772349074254885
synthetic_0000,446,-0.0006258803758302958
synthetic_0000,334,-0.0059294411941246076
synthetic_0000,496,-0.00048465206230191679
synthetic_0000,79,-0.0021593292400490204
synthetic_0000,23,-0.00010730053304003845
synthetic_0000,453,-8.4896917860761363e-06
synthetic_0000,134,-0.00351893070767608
synthetic_0000,219,-0.0024421757918068102
synthetic_0000,226,-0.00069531518861261268
synthetic_0000,21,-0.0016126519603388496
synthetic_0000,238,-0.0016939552354948843
synthetic_0000,229,-0.0037146523248210088
synthetic_0000,486,-0.0019764578640381484
synthetic_0000,33,-0.00011000435659340397
synthetic_0000,16,-0.0036987156284366048
synthetic_0000,370,-0.0016756222265042046
synthetic_0000,183,-0.00092790286177598432
synthetic_0000,175,-0.0014298521560447152
synthetic_0000,265,-0.0033129023608954957
synthetic_0000,201,-0.0021699038986280972
synthetic_0000,165,-0.0038084435227165149
synthetic_0000,434,-0.002616410947806771
synthetic_0000,493,-0.0028784821739715194
synthetic_0000,26,-0.000159033226082476
synthetic_0000,401,-0.0024761947127034411
synthetic_0000,240,-0.00010174092732097974
synthetic_0000,203,-0.00011761890816289379
synthetic_0000,88,-0.0016254025899411413
synthetic_0000,272,-0.0013168561000306369
synthetic_0000,166,-0.00016984875904708422
synthetic_0000,133,-0.0013958079290438737
synthetic_0000,387,-0.0013333852695486782
synthetic_0000,361,-0.00012848675048761417
synthetic_0000,325,-0.00050985868678010617
synthetic_0000,286,-0.0024011316128651357
synthetic_0000,213,-0.0039626907357429254
synthetic_0000,52,-0.0021117373180680934
synthetic_0000,324,-3.502735017880629e-05
synthetic_0000,9,-1.9765683798841143e-05
synthetic_0000,326,-0.00082770807510244154
synthetic_0000,160,-0.0019863170406739174
synthetic_0000,479,-0.0013031715643086379
synthetic_0000,195,-0.0026871368510794644
synthetic_0000,87,-0.002676706223038592
synthetic_0000,99,-0.0015627540713986242
synthetic_0000,224,-0.00020054317422653288
synthetic_0000,407,-0.0010135496893424081
synthetic_0000,267,-0.0023763224578957601
synthetic_0000,335,-0.0010979216390450692
synthetic_0000,173,-0.013173443345764405
synthetic_0000,156,-0.001492757829338884
synthetic_0000,15,-0.0026220377523297981
synthetic_0000,123,-0.00478997312148803
synthetic_0000,365,-0.001538038506367335
synthetic_0000,231,-0.0025615158781173643
synthetic_0000,106,-0.00097681500473694068
synthetic_0000,443,-0.00072695250670616206
synthetic_0000,8,-0.0016597564215993068
synthetic_0000,40,-0.00050707946609544838
synthetic_0000,428,-0.0014108062463633751
synthetic_0000,13,-0.0022583842094618103
synthetic_0000,381,-0.00016867873082422727
synthetic_0000,78,-0.0080050191313373337
synthetic_0000,113,-0.0002373712446634415
synthetic_0000,341,-8.6847146775015648e-05
synthetic_0000,367,-0.0060885369610448447
synthetic_0000,118,-0.000303562185552127
synthetic_0000,302,-0.00044926169911435582
synthetic_0000,384,-0.0057129775998692499
synthetic_0000,188,-0.00066302775755154456
synthetic_0000,495,-0.00059357185701229965
synthetic_0000,211,-0.005310940833958556
synthetic_0000,221,-0.0029183205278768792
synthetic_0000,344,-0.0011235416727192183
synthetic_0000,349,-0.00049775565314535421
synthetic_0000,422,-0.0023884037313960126
synthetic_0000,132,-0.0011728168389649957
synthetic_0000,442,-0.00265583065226204
synthetic_0000,206,-0.0047415858407268471
synthetic_0000,358,-0.0010994037253458577
synthetic_0000,171,-0.0017097919398570624
synthetic_0000,124,-0.00076723237689835266
synthetic_0000,150,-0.010836359564286233
synthetic_0000,497,-0.00097814259861849265
synthetic_0000,47,-0.00045777433772592393
synthetic_0000,100,-0.0027192398609392544
synthetic_0000,288,-8.6320537912706823e-05
synthetic_0000,492,-0.0012189892775057243
synthetic_0000,268,-0.00027952939002893752
synthetic_0000,472,-0.00067535871441825614
synthetic_0000,423,-0.0022542991273669776
synthetic_0000,390,-0.00088556688878080141
synthetic_0000,84,-0.0055437027277071421
synthetic_0000,478,-0.007766987368011076
synthetic_0000,452,-0.0028890485986008256
synthetic_0000,459,-0.0014990477921456992
synthetic_0000,488,-0.0079496172046994527
synthetic_0000,42,-0.0011993309176322442
synthetic_0000,67,-0.0066051525121353354
synthetic_0000,61,-0.0024408764261553023
synthetic_0000,29,-0.0015244988079291257
synthetic_0000,214,-0.0014045081427473717
synthetic_0000,275,-3.5287105003469044e-05
synthetic_0000,30,-0.00049631940317896933
synthetic_0000,228,-0.0013595960160870148
synthetic_0000,374,-0.0011459144267693898
synthetic_0000,431,-0.0017306489334452237
synthetic_0000,441,-0.0017860831505924345
synthetic_0000,198,-0.0026946289172653844
synthetic_0000,309,-0.0013093924964656587
synthetic_0000,394,-0.0068718353184161231
synthetic_0000,207,-0.00044295908719603597
synthetic_0000,336,-0.00071880900816773336
synthetic_0000,129,-0.00031061734506967884
synthetic_0000,232,-0.0048826938048719543
synthetic_0000,167,-0.0091286777593432289
synthetic_0000,417,-0.0018230858052754402
synthetic_0000,91,-0.00077923271946907832
synthetic_0000,159,-0.00022398873253159698
synthetic_0000,318,-0.0016882747985258008
synthetic_0000,135,-0.00095725926172915985
synthetic_0000,461,-0.00081707894019581633
synthetic_0000,102,-0.00054317314780640534
synthetic_0000,180,-0.002695964350530042
synthetic_0000,351,-0.00069430949812234464
synthetic_0000,445,-0.0020518871020210132
synthetic_0000,279,-0.00063130821528036007
synthetic_0000,298,-0.0016867940042359583
synthetic_0000,218,-0.00047457329359457779
synthetic_0000,75,-0.0016817937543401134
synthetic_0000,117,-0.0018701885259496021
synthetic_0000,27,-0.00066416681593166197
synthetic_0000,385,-0.00039750032046111772
synthetic_0000,155,-0.0046800978124049344
synthetic_0000,405,-0.0035389555246595284
synthetic_0000,368,-0.0011418189000287995
synthetic_0000,58,-0.0039373972226337747
synthetic_0000,147,-0.00050732935309763354
synthetic_0000,92,-0.00033489817760711118
synthetic_0000,57,-0.00097348240351838593
synthetic_0000,252,-0.00087659780492007418
synthetic_0000,366,-0.0017775297806589209
synthetic_0000,483,-0.0018528793288128593
synthetic_0000,480,-6.9733148633889909e-05
synthetic_0000,418,-0.0013398259823271207
synthetic_0000,395,-0.00047017412583315554
synthetic_0000,19,-0.0029115633027059938
synthetic_0000,355,-0.0023407980291520118
synthetic_0000,74,-0.00013310020363330768
synthetic_0000,76,-0.00068298276919233412
synthetic_0000,450,-0.0014754072159125096
synthetic_0000,190,-0.0037623723680001052
synthetic_0000,18,-0.0025731201223154298
synthetic_0000,499,-0.0014130312234896863
synthetic_0000,72,-0.0009278636149959691
synthetic_0000,299,-0.00051586216323277665
synthetic_0000,308,-0.0007966685528553579
synthetic_0000,176,-0.00019009175316555098
synthetic_0000,380,-0.0039147217066443744
synthetic_0000,242,-0.0007145259338435147
synthetic_0000,243,-0.0001210928838580542
synthetic_0000,264,-0.00050473554525651938
synthetic_0000,152,-0.00040329509693090343
synthetic_0000,153,-0.0003971588352290432
synthetic_0000,371,-0.0004150401992273315
synthetic_0000,378,-0.0008353131102861182
synthetic_0000,148,-0.0022775668326863218
synthetic_0000,96,-0.0032670790745991645
synthetic_0000,356,-0.0018624349311483102
synthetic_0000,223,-0.0014133440762411126
synthetic_0000,49,-0.00080800437196420593
synthetic_0000,177,-0.00037609067003346218
synthetic_0000,274,-0.0030824577506575798
synthetic_0000,256,-0.00075129686979867908
synthetic_0000,391,-0.00058097025300616841
synthetic_0000,3,-0.00082199428433157829
synthetic_0000,259,-0.005249911679029994
synthetic_0000,258,-0.0016310205977746824
synthetic_0000,315,-0.0056485379702340037
synthetic_0000,362,-0.00075450383402151679
synthetic_0000,251,-0.0043207565373734108
synthetic_0000,464,-0.00067985091161519692
synthetic_0000,465,-0.0017679856876313884
synthetic_0000,169,-0.0036187250383328366
synthetic_0000,241,-0.00022512645972748034
synthetic_0000,357,-0.0013297494739726069
