config,source,symbol,category,date,portfolio
configs/ES/linear/20260225/20260225_ES_Linear0.yaml,ES/linear/atp/20260225/20260225_ES_Linear0.csv,ES,linear,2026-02-25,20260225_ES_Linear0
configs/ES/linear/20260225/20260225_ES_Linear1.yaml,ES/linear/atp/20260225/20260225_ES_Linear1.csv,ES,linear,2026-02-25,20260225_ES_Linear1
configs/ES/linear/20260225/20260225_ES_Linear2.yaml,ES/linear/atp/20260225/20260225_ES_Linear2.csv,ES,linear,2026-02-25,20260225_ES_Linear2
configs/ES/linear/20260225/20260225_ES_Linear3.yaml,ES/linear/atp/20260225/20260225_ES_Linear3.csv,ES,linear,2026-02-25,20260225_ES_Linear3
configs/ES/linear/20260225/20260225_ES_Linear4.yaml,ES/linear/atp/20260225/20260225_ES_Linear4.csv,ES,linear,2026-02-25,20260225_ES_Linear4
configs/ES/linear/20260226/20260226_ES_Linear0.yaml,ES/linear/atp/20260226/20260226_ES_Linear0.csv,ES,linear,2026-02-26,20260226_ES_Linear0
configs/ES/linear/20260226/20260226_ES_Linear1.yaml,ES/linear/atp/20260226/20260226_ES_Linear1.csv,ES,linear,2026-02-26,20260226_ES_Linear1
configs/ES/linear/20260226/20260226_ES_Linear2.yaml,ES/linear/atp/20260226/20260226_ES_Linear2.csv,ES,linear,2026-02-26,20260226_ES_Linear2
configs/ES/linear/20260226/20260226_ES_Linear3.yaml,ES/linear/atp/20260226/20260226_ES_Linear3.csv,ES,linear,2026-02-26,20260226_ES_Linear3
configs/ES/linear/20260226/20260226_ES_Linear4.yaml,ES/linear/atp/20260226/20260226_ES_Linear4.csv,ES,linear,2026-02-26,20260226_ES_Linear4
configs/ES/linear/20260227/20260227_ES_Linear0.yaml,ES/linear/atp/20260227/20260227_ES_Linear0.csv,ES,linear,2026-02-27,20260227_ES_Linear0
configs/ES/linear/20260227/20260227_ES_Linear1.yaml,ES/linear/atp/20260227/20260227_ES_Linear1.csv,ES,linear,2026-02-27,20260227_ES_Linear1
configs/ES/linear/20260227/20260227_ES_Linear2.yaml,ES/linear/atp/20260227/20260227_ES_Linear2.csv,ES,linear,2026-02-27,20260227_ES_Linear2
configs/ES/linear/20260227/20260227_ES_Linear3.yaml,ES/linear/atp/20260227/20260227_ES_Linear3.csv,ES,linear,2026-02-27,20260227_ES_Linear3
configs/ES/linear/20260227/20260227_ES_Linear4.yaml,ES/linear/atp/20260227/20260227_ES_Linear4.csv,ES,linear,2026-02-27,20260227_ES_Linear4
configs/ES/mixed/20260225/20260225_EScovered call_atp_Exp20260320.yaml,ES/mixed/atp/20260225/20260225_EScovered call_atp_Exp20260320.csv,ES,mixed,2026-02-25,20260225_EScovered call_atp_Exp20260320
configs/ES/mixed/20260225/20260225_EScovered call_atp_Exp20260618.yaml,ES/mixed/atp/20260225/20260225_EScovered call_atp_Exp20260618.csv,ES,mixed,2026-02-25,20260225_EScovered call_atp_Exp20260618
configs/ES/mixed/20260225/20260225_EScovered call_atp_Exp20260918.yaml,ES/mixed/atp/20260225/20260225_EScovered call_atp_Exp20260918.csv,ES,mixed,2026-02-25,20260225_EScovered call_atp_Exp20260918
configs/ES/mixed/20260225/20260225_ESdelta neutral_atp_Exp20260320.yaml,ES/mixed/atp/20260225/20260225_ESdelta neutral_atp_Exp20260320.csv,ES,mixed,2026-02-25,20260225_ESdelta neutral_atp_Exp20260320
configs/ES/mixed/20260225/20260225_ESdelta neutral_atp_Exp20260618.yaml,ES/mixed/atp/20260225/20260225_ESdelta neutral_atp_Exp20260618.csv,ES,mixed,2026-02-25,20260225_ESdelta neutral_atp_Exp20260618
configs/ES/mixed/20260225/20260225_ESdelta neutral_atp_Exp20260918.yaml,ES/mixed/atp/20260225/20260225_ESdelta neutral_atp_Exp20260918.csv,ES,mixed,2026-02-25,20260225_ESdelta neutral_atp_Exp20260918
configs/ES/mixed/20260225/20260225_ESprotective put_atp_Exp20260320.yaml,ES/mixed/atp/20260225/20260225_ESprotective put_atp_Exp20260320.csv,ES,mixed,2026-02-25,20260225_ESprotective put_atp_Exp20260320
configs/ES/mixed/20260225/20260225_ESprotective put_atp_Exp20260618.yaml,ES/mixed/atp/20260225/20260225_ESprotective put_atp_Exp20260618.csv,ES,mixed,2026-02-25,20260225_ESprotective put_atp_Exp20260618
configs/ES/mixed/20260225/20260225_ESprotective put_atp_Exp20260918.yaml,ES/mixed/atp/20260225/20260225_ESprotective put_atp_Exp20260918.csv,ES,mixed,2026-02-25,20260225_ESprotective put_atp_Exp20260918
configs/ES/mixed/20260226/20260226_EScovered call_atp_Exp20260320.yaml,ES/mixed/atp/20260226/20260226_EScovered call_atp_Exp20260320.csv,ES,mixed,2026-02-26,20260226_EScovered call_atp_Exp20260320
configs/ES/mixed/20260226/20260226_EScovered call_atp_Exp20260618.yaml,ES/mixed/atp/20260226/20260226_EScovered call_atp_Exp20260618.csv,ES,mixed,2026-02-26,20260226_EScovered call_atp_Exp20260618
configs/ES/mixed/20260226/20260226_EScovered call_atp_Exp20260918.yaml,ES/mixed/atp/20260226/20260226_EScovered call_atp_Exp20260918.csv,ES,mixed,2026-02-26,20260226_EScovered call_atp_Exp20260918
configs/ES/mixed/20260226/20260226_ESdelta neutral_atp_Exp20260320.yaml,ES/mixed/atp/20260226/20260226_ESdelta neutral_atp_Exp20260320.csv,ES,mixed,2026-02-26,20260226_ESdelta neutral_atp_Exp20260320
configs/ES/mixed/20260226/20260226_ESdelta neutral_atp_Exp20260618.yaml,ES/mixed/atp/20260226/20260226_ESdelta neutral_atp_Exp20260618.csv,ES,mixed,2026-02-26,20260226_ESdelta neutral_atp_Exp20260618
configs/ES/mixed/20260226/20260226_ESdelta neutral_atp_Exp20260918.yaml,ES/mixed/atp/20260226/20260226_ESdelta neutral_atp_Exp20260918.csv,ES,mixed,2026-02-26,20260226_ESdelta neutral_atp_Exp20260918
configs/ES/mixed/20260226/20260226_ESprotective put_atp_Exp20260320.yaml,ES/mixed/atp/20260226/20260226_ESprotective put_atp_Exp20260320.csv,ES,mixed,2026-02-26,20260226_ESprotective put_atp_Exp20260320
configs/ES/mixed/20260226/20260226_ESprotective put_atp_Exp20260618.yaml,ES/mixed/atp/20260226/20260226_ESprotective put_atp_Exp20260618.csv,ES,mixed,2026-02-26,20260226_ESprotective put_atp_Exp20260618
configs/ES/mixed/20260226/20260226_ESprotective put_atp_Exp20260918.yaml,ES/mixed/atp/20260226/20260226_ESprotective put_atp_Exp20260918.csv,ES,mixed,2026-02-26,20260226_ESprotective put_atp_Exp20260918
configs/ES/mixed/20260227/20260227_EScovered call_atp_Exp20260320.yaml,ES/mixed/atp/20260227/20260227_EScovered call_atp_Exp20260320.csv,ES,mixed,2026-02-27,20260227_EScovered call_atp_Exp20260320
configs/ES/mixed/20260227/20260227_EScovered call_atp_Exp20260618.yaml,ES/mixed/atp/20260227/20260227_EScovered call_atp_Exp20260618.csv,ES,mixed,2026-02-27,20260227_EScovered call_atp_Exp20260618
configs/ES/mixed/20260227/20260227_EScovered call_atp_Exp20260918.yaml,ES/mixed/atp/20260227/20260227_EScovered call_atp_Exp20260918.csv,ES,mixed,2026-02-27,20260227_EScovered call_atp_Exp20260918
configs/ES/nonlinear/20260225/20260225_ESCalendarSpread0.yaml,ES/nonlinear/atp/20260225/20260225_ESCalendarSpread0.csv,ES,nonlinear,2026-02-25,20260225_ESCalendarSpread0
configs/ES/nonlinear/20260225/20260225_ESCalendarSpread1.yaml,ES/nonlinear/atp/20260225/20260225_ESCalendarSpread1.csv,ES,nonlinear,2026-02-25,20260225_ESCalendarSpread1
configs/ES/nonlinear/20260225/20260225_ESCalendarSpread2.yaml,ES/nonlinear/atp/20260225/20260225_ESCalendarSpread2.csv,ES,nonlinear,2026-02-25,20260225_ESCalendarSpread2
configs/ES/nonlinear/20260225/20260225_ESDiagonalSpread0.yaml,ES/nonlinear/atp/20260225/20260225_ESDiagonalSpread0.csv,ES,nonlinear,2026-02-25,20260225_ESDiagonalSpread0
configs/ES/nonlinear/20260225/20260225_ESDiagonalSpread1.yaml,ES/nonlinear/atp/20260225/20260225_ESDiagonalSpread1.csv,ES,nonlinear,2026-02-25,20260225_ESDiagonalSpread1
configs/ES/nonlinear/20260225/20260225_ESDiagonalSpread2.yaml,ES/nonlinear/atp/20260225/20260225_ESDiagonalSpread2.csv,ES,nonlinear,2026-02-25,20260225_ESDiagonalSpread2
configs/ES/nonlinear/20260225/20260225_ESbearish call spread_atp_Exp20260320.yaml,ES/nonlinear/atp/20260225/20260225_ESbearish call spread_atp_Exp20260320.csv,ES,nonlinear,2026-02-25,20260225_ESbearish call spread_atp_Exp20260320
configs/ES/nonlinear/20260225/20260225_ESbearish call spread_atp_Exp20260618.yaml,ES/nonlinear/atp/20260225/20260225_ESbearish call spread_atp_Exp20260618.csv,ES,nonlinear,2026-02-25,20260225_ESbearish call spread_atp_Exp20260618
configs/ES/nonlinear/20260225/20260225_ESbearish call spread_atp_Exp20260918.yaml,ES/nonlinear/atp/20260225/20260225_ESbearish call spread_atp_Exp20260918.csv,ES,nonlinear,2026-02-25,20260225_ESbearish call spread_atp_Exp20260918
configs/ES/nonlinear/20260225/20260225_ESbearish put spread_atp_Exp20260320.yaml,ES/nonlinear/atp/20260225/20260225_ESbearish put spread_atp_Exp20260320.csv,ES,nonlinear,2026-02-25,20260225_ESbearish put spread_atp_Exp20260320
configs/ES/nonlinear/20260225/20260225_ESbearish put spread_atp_Exp20260618.yaml,ES/nonlinear/atp/20260225/20260225_ESbearish put spread_atp_Exp20260618.csv,ES,nonlinear,2026-02-25,20260225_ESbearish put spread_atp_Exp20260618
configs/ES/nonlinear/20260225/20260225_ESbearish put spread_atp_Exp20260918.yaml,ES/nonlinear/atp/20260225/20260225_ESbearish put spread_atp_Exp20260918.csv,ES,nonlinear,2026-02-25,20260225_ESbearish put spread_atp_Exp20260918
configs/ES/nonlinear/20260225/20260225_ESbullish call spread_atp_Exp20260320.yaml,ES/nonlinear/atp/20260225/20260225_ESbullish call spread_atp_Exp20260320.csv,ES,nonlinear,2026-02-25,20260225_ESbullish call spread_atp_Exp20260320
configs/ES/nonlinear/20260225/20260225_ESbullish call spread_atp_Exp20260618.yaml,ES/nonlinear/atp/20260225/20260225_ESbullish call spread_atp_Exp20260618.csv,ES,nonlinear,2026-02-25,20260225_ESbullish call spread_atp_Exp20260618
configs/ES/nonlinear/20260225/20260225_ESbullish call spread_atp_Exp20260918.yaml,ES/nonlinear/atp/20260225/20260225_ESbullish call spread_atp_Exp20260918.csv,ES,nonlinear,2026-02-25,20260225_ESbullish call spread_atp_Exp20260918
configs/ES/nonlinear/20260225/20260225_ESbullish put spread_atp_Exp20260320.yaml,ES/nonlinear/atp/20260225/20260225_ESbullish put spread_atp_Exp20260320.csv,ES,nonlinear,2026-02-25,20260225_ESbullish put spread_atp_Exp20260320
configs/ES/nonlinear/20260225/20260225_ESbullish put spread_atp_Exp20260618.yaml,ES/nonlinear/atp/20260225/20260225_ESbullish put spread_atp_Exp20260618.csv,ES,nonlinear,2026-02-25,20260225_ESbullish put spread_atp_Exp20260618
configs/ES/nonlinear/20260225/20260225_ESbullish put spread_atp_Exp20260918.yaml,ES/nonlinear/atp/20260225/20260225_ESbullish put spread_atp_Exp20260918.csv,ES,nonlinear,2026-02-25,20260225_ESbullish put spread_atp_Exp20260918
configs/ES/nonlinear/20260225/20260225_ESlong straddle_atp_Exp20260320.yaml,ES/nonlinear/atp/20260225/20260225_ESlong straddle_atp_Exp20260320.csv,ES,nonlinear,2026-02-25,20260225_ESlong straddle_atp_Exp20260320
configs/ES/nonlinear/20260225/20260225_ESlong straddle_atp_Exp20260618.yaml,ES/nonlinear/atp/20260225/20260225_ESlong straddle_atp_Exp20260618.csv,ES,nonlinear,2026-02-25,20260225_ESlong straddle_atp_Exp20260618
configs/ES/nonlinear/20260225/20260225_ESlong straddle_atp_Exp20260918.yaml,ES/nonlinear/atp/20260225/20260225_ESlong straddle_atp_Exp20260918.csv,ES,nonlinear,2026-02-25,20260225_ESlong straddle_atp_Exp20260918
configs/ES/nonlinear/20260225/20260225_ESlong straddle_atp_Exp20271217.yaml,ES/nonlinear/atp/20260225/20260225_ESlong straddle_atp_Exp20271217.csv,ES,nonlinear,2026-02-25,20260225_ESlong straddle_atp_Exp20271217
configs/ES/nonlinear/20260225/20260225_ESlong straddle_atp_Exp20291221.yaml,ES/nonlinear/atp/20260225/20260225_ESlong straddle_atp_Exp20291221.csv,ES,nonlinear,2026-02-25,20260225_ESlong straddle_atp_Exp20291221
configs/ES/nonlinear/20260225/20260225_ESlong strangle_atp_Exp20260320.yaml,ES/nonlinear/atp/20260225/20260225_ESlong strangle_atp_Exp20260320.csv,ES,nonlinear,2026-02-25,20260225_ESlong strangle_atp_Exp20260320
configs/ES/nonlinear/20260225/20260225_ESlong strangle_atp_Exp20260618.yaml,ES/nonlinear/atp/20260225/20260225_ESlong strangle_atp_Exp20260618.csv,ES,nonlinear,2026-02-25,20260225_ESlong strangle_atp_Exp20260618
configs/ES/nonlinear/20260225/20260225_ESlong strangle_atp_Exp20260918.yaml,ES/nonlinear/atp/20260225/20260225_ESlong strangle_atp_Exp20260918.csv,ES,nonlinear,2026-02-25,20260225_ESlong strangle_atp_Exp20260918
configs/ES/nonlinear/20260225/20260225_ESlong strangle_atp_Exp20261218.yaml,ES/nonlinear/atp/20260225/20260225_ESlong strangle_atp_Exp20261218.csv,ES,nonlinear,2026-02-25,20260225_ESlong strangle_atp_Exp20261218
configs/ES/nonlinear/20260226/20260226_ESCalendarSpread0.yaml,ES/nonlinear/atp/20260226/20260226_ESCalendarSpread0.csv,ES,nonlinear,2026-02-26,20260226_ESCalendarSpread0
configs/ES/nonlinear/20260226/20260226_ESCalendarSpread1.yaml,ES/nonlinear/atp/20260226/20260226_ESCalendarSpread1.csv,ES,nonlinear,2026-02-26,20260226_ESCalendarSpread1
configs/ES/nonlinear/20260226/20260226_ESCalendarSpread2.yaml,ES/nonlinear/atp/20260226/20260226_ESCalendarSpread2.csv,ES,nonlinear,2026-02-26,20260226_ESCalendarSpread2
configs/ES/nonlinear/20260226/20260226_ESDiagonalSpread0.yaml,ES/nonlinear/atp/20260226/20260226_ESDiagonalSpread0.csv,ES,nonlinear,2026-02-26,20260226_ESDiagonalSpread0
configs/ES/nonlinear/20260226/20260226_ESDiagonalSpread1.yaml,ES/nonlinear/atp/20260226/20260226_ESDiagonalSpread1.csv,ES,nonlinear,2026-02-26,20260226_ESDiagonalSpread1
configs/ES/nonlinear/20260226/20260226_ESDiagonalSpread2.yaml,ES/nonlinear/atp/20260226/20260226_ESDiagonalSpread2.csv,ES,nonlinear,2026-02-26,20260226_ESDiagonalSpread2
configs/ES/nonlinear/20260226/20260226_ESbearish call spread_atp_Exp20260320.yaml,ES/nonlinear/atp/20260226/20260226_ESbearish call spread_atp_Exp20260320.csv,ES,nonlinear,2026-02-26,20260226_ESbearish call spread_atp_Exp20260320
configs/ES/nonlinear/20260226/20260226_ESbearish call spread_atp_Exp20260618.yaml,ES/nonlinear/atp/20260226/20260226_ESbearish call spread_atp_Exp20260618.csv,ES,nonlinear,2026-02-26,20260226_ESbearish call spread_atp_Exp20260618
configs/ES/nonlinear/20260226/20260226_ESbearish call spread_atp_Exp20260918.yaml,ES/nonlinear/atp/20260226/20260226_ESbearish call spread_atp_Exp20260918.csv,ES,nonlinear,2026-02-26,20260226_ESbearish call spread_atp_Exp20260918
configs/ES/nonlinear/20260226/20260226_ESbearish put spread_atp_Exp20260320.yaml,ES/nonlinear/atp/20260226/20260226_ESbearish put spread_atp_Exp20260320.csv,ES,nonlinear,2026-02-26,20260226_ESbearish put spread_atp_Exp20260320
configs/ES/nonlinear/20260226/20260226_ESbearish put spread_atp_Exp20260618.yaml,ES/nonlinear/atp/20260226/20260226_ESbearish put spread_atp_Exp20260618.csv,ES,nonlinear,2026-02-26,20260226_ESbearish put spread_atp_Exp20260618
configs/ES/nonlinear/20260226/20260226_ESbearish put spread_atp_Exp20260918.yaml,ES/nonlinear/atp/20260226/20260226_ESbearish put spread_atp_Exp20260918.csv,ES,nonlinear,2026-02-26,20260226_ESbearish put spread_atp_Exp20260918
configs/ES/nonlinear/20260226/20260226_ESbullish call spread_atp_Exp20260320.yaml,ES/nonlinear/atp/20260226/20260226_ESbullish call spread_atp_Exp20260320.csv,ES,nonlinear,2026-02-26,20260226_ESbullish call spread_atp_Exp20260320
configs/ES/nonlinear/20260226/20260226_ESbullish call spread_atp_Exp20260618.yaml,ES/nonlinear/atp/20260226/20260226_ESbullish call spread_atp_Exp20260618.csv,ES,nonlinear,2026-02-26,20260226_ESbullish call spread_atp_Exp20260618
configs/ES/nonlinear/20260226/20260226_ESbullish call spread_atp_Exp20260918.yaml,ES/nonlinear/atp/20260226/20260226_ESbullish call spread_atp_Exp20260918.csv,ES,nonlinear,2026-02-26,20260226_ESbullish call spread_atp_Exp20260918
configs/ES/nonlinear/20260226/20260226_ESbullish put spread_atp_Exp20260320.yaml,ES/nonlinear/atp/20260226/20260226_ESbullish put spread_atp_Exp20260320.csv,ES,nonlinear,2026-02-26,20260226_ESbullish put spread_atp_Exp20260320
configs/ES/nonlinear/20260226/20260226_ESbullish put spread_atp_Exp20260618.yaml,ES/nonlinear/atp/20260226/20260226_ESbullish put spread_atp_Exp20260618.csv,ES,nonlinear,2026-02-26,20260226_ESbullish put spread_atp_Exp20260618
configs/ES/nonlinear/20260226/20260226_ESbullish put spread_atp_Exp20260918.yaml,ES/nonlinear/atp/20260226/20260226_ESbullish put spread_atp_Exp20260918.csv,ES,nonlinear,2026-02-26,20260226_ESbullish put spread_atp_Exp20260918
configs/ES/nonlinear/20260226/20260226_ESlong straddle_atp_Exp20260618.yaml,ES/nonlinear/atp/20260226/20260226_ESlong straddle_atp_Exp20260618.csv,ES,nonlinear,2026-02-26,20260226_ESlong straddle_atp_Exp20260618
configs/ES/nonlinear/20260226/20260226_ESlong straddle_atp_Exp20260918.yaml,ES/nonlinear/atp/20260226/20260226_ESlong straddle_atp_Exp20260918.csv,ES,nonlinear,2026-02-26,20260226_ESlong straddle_atp_Exp20260918
configs/ES/nonlinear/20260226/20260226_ESlong straddle_atp_Exp20271217.yaml,ES/nonlinear/atp/20260226/20260226_ESlong straddle_atp_Exp20271217.csv,ES,nonlinear,2026-02-26,20260226_ESlong straddle_atp_Exp20271217
configs/ES/nonlinear/20260226/20260226_ESlong straddle_atp_Exp20291221.yaml,ES/nonlinear/atp/20260226/20260226_ESlong straddle_atp_Exp20291221.csv,ES,nonlinear,2026-02-26,20260226_ESlong straddle_atp_Exp20291221
configs/ES/nonlinear/20260226/20260226_ESlong strangle_atp_Exp20260618.yaml,ES/nonlinear/atp/20260226/20260226_ESlong strangle_atp_Exp20260618.csv,ES,nonlinear,2026-02-26,20260226_ESlong strangle_atp_Exp20260618
configs/ES/nonlinear/20260226/20260226_ESlong strangle_atp_Exp20261218.yaml,ES/nonlinear/atp/20260226/20260226_ESlong strangle_atp_Exp20261218.csv,ES,nonlinear,2026-02-26,20260226_ESlong strangle_atp_Exp20261218
configs/ES/nonlinear/20260227/20260227_ESCalendarSpread0.yaml,ES/nonlinear/atp/20260227/20260227_ESCalendarSpread0.csv,ES,nonlinear,2026-02-27,20260227_ESCalendarSpread0
configs/ES/nonlinear/20260227/20260227_ESCalendarSpread1.yaml,ES/nonlinear/atp/20260227/20260227_ESCalendarSpread1.csv,ES,nonlinear,2026-02-27,20260227_ESCalendarSpread1
configs/ES/nonlinear/20260227/20260227_ESCalendarSpread2.yaml,ES/nonlinear/atp/20260227/20260227_ESCalendarSpread2.csv,ES,nonlinear,2026-02-27,20260227_ESCalendarSpread2
configs/ES/nonlinear/20260227/20260227_ESDiagonalSpread0.yaml,ES/nonlinear/atp/20260227/20260227_ESDiagonalSpread0.csv,ES,nonlinear,2026-02-27,20260227_ESDiagonalSpread0
configs/ES/nonlinear/20260227/20260227_ESDiagonalSpread1.yaml,ES/nonlinear/atp/20260227/20260227_ESDiagonalSpread1.csv,ES,nonlinear,2026-02-27,20260227_ESDiagonalSpread1
configs/ES/nonlinear/20260227/20260227_ESDiagonalSpread2.yaml,ES/nonlinear/atp/20260227/20260227_ESDiagonalSpread2.csv,ES,nonlinear,2026-02-27,20260227_ESDiagonalSpread2
configs/ES/nonlinear/20260227/20260227_ESbearish call spread_atp_Exp20260320.yaml,ES/nonlinear/atp/20260227/20260227_ESbearish call spread_atp_Exp20260320.csv,ES,nonlinear,2026-02-27,20260227_ESbearish call spread_atp_Exp20260320
configs/ES/nonlinear/20260227/20260227_ESbearish call spread_atp_Exp20260618.yaml,ES/nonlinear/atp/20260227/20260227_ESbearish call spread_atp_Exp20260618.csv,ES,nonlinear,2026-02-27,20260227_ESbearish call spread_atp_Exp20260618
configs/ES/nonlinear/20260227/20260227_ESbearish call spread_atp_Exp20260918.yaml,ES/nonlinear/atp/20260227/20260227_ESbearish call spread_atp_Exp20260918.csv,ES,nonlinear,2026-02-27,20260227_ESbearish call spread_atp_Exp20260918
configs/ES/nonlinear/20260227/20260227_ESbearish put spread_atp_Exp20260320.yaml,ES/nonlinear/atp/20260227/20260227_ESbearish put spread_atp_Exp20260320.csv,ES,nonlinear,2026-02-27,20260227_ESbearish put spread_atp_Exp20260320
configs/ES/nonlinear/20260227/20260227_ESbearish put spread_atp_Exp20260618.yaml,ES/nonlinear/atp/20260227/20260227_ESbearish put spread_atp_Exp20260618.csv,ES,nonlinear,2026-02-27,20260227_ESbearish put spread_atp_Exp20260618
configs/ES/nonlinear/20260227/20260227_ESbearish put spread_atp_Exp20260918.yaml,ES/nonlinear/atp/20260227/20260227_ESbearish put spread_atp_Exp20260918.csv,ES,nonlinear,2026-02-27,20260227_ESbearish put spread_atp_Exp20260918
configs/ES/nonlinear/20260227/20260227_ESbullish call spread_atp_Exp20260320.yaml,ES/nonlinear/atp/20260227/20260227_ESbullish call spread_atp_Exp20260320.csv,ES,nonlinear,2026-02-27,20260227_ESbullish call spread_atp_Exp20260320
configs/ES/nonlinear/20260227/20260227_ESbullish call spread_atp_Exp20260618.yaml,ES/nonlinear/atp/20260227/20260227_ESbullish call spread_atp_Exp20260618.csv,ES,nonlinear,2026-02-27,20260227_ESbullish call spread_atp_Exp20260618
configs/ES/nonlinear/20260227/20260227_ESbullish call spread_atp_Exp20260918.yaml,ES/nonlinear/atp/20260227/20260227_ESbullish call spread_atp_Exp20260918.csv,ES,nonlinear,2026-02-27,20260227_ESbullish call spread_atp_Exp20260918
configs/ES/nonlinear/20260227/20260227_ESbullish put spread_atp_Exp20260320.yaml,ES/nonlinear/atp/20260227/20260227_ESbullish put spread_atp_Exp20260320.csv,ES,nonlinear,2026-02-27,20260227_ESbullish put spread_atp_Exp20260320
configs/ES/nonlinear/20260227/20260227_ESbullish put spread_atp_Exp20260618.yaml,ES/nonlinear/atp/20260227/20260227_ESbullish put spread_atp_Exp20260618.csv,ES,nonlinear,2026-02-27,20260227_ESbullish put spread_atp_Exp20260618
configs/ES/nonlinear/20260227/20260227_ESbullish put spread_atp_Exp20260918.yaml,ES/nonlinear/atp/20260227/20260227_ESbullish put spread_atp_Exp20260918.csv,ES,nonlinear,2026-02-27,20260227_ESbullish put spread_atp_Exp20260918
configs/ES/nonlinear/20260227/20260227_ESlong straddle_atp_Exp20260618.yaml,ES/nonlinear/atp/20260227/20260227_ESlong straddle_atp_Exp20260618.csv,ES,nonlinear,2026-02-27,20260227_ESlong straddle_atp_Exp20260618
configs/ES/nonlinear/20260227/20260227_ESlong straddle_atp_Exp20270617.yaml,ES/nonlinear/atp/20260227/20260227_ESlong straddle_atp_Exp20270617.csv,ES,nonlinear,2026-02-27,20260227_ESlong straddle_atp_Exp20270617
configs/ES/nonlinear/20260227/20260227_ESlong straddle_atp_Exp20271217.yaml,ES/nonlinear/atp/20260227/20260227_ESlong straddle_atp_Exp20271217.csv,ES,nonlinear,2026-02-27,20260227_ESlong straddle_atp_Exp20271217
configs/ES/nonlinear/20260227/20260227_ESlong straddle_atp_Exp20291221.yaml,ES/nonlinear/atp/20260227/20260227_ESlong straddle_atp_Exp20291221.csv,ES,nonlinear,2026-02-27,20260227_ESlong straddle_atp_Exp20291221
configs/ES/nonlinear/20260227/20260227_ESlong strangle_atp_Exp20260320.yaml,ES/nonlinear/atp/20260227/20260227_ESlong strangle_atp_Exp20260320.csv,ES,nonlinear,2026-02-27,20260227_ESlong strangle_atp_Exp20260320
configs/ES/nonlinear/20260227/20260227_ESlong strangle_atp_Exp20260618.yaml,ES/nonlinear/atp/20260227/20260227_ESlong strangle_atp_Exp20260618.csv,ES,nonlinear,2026-02-27,20260227_ESlong strangle_atp_Exp20260618
configs/ES/nonlinear/20260227/20260227_ESlong strangle_atp_Exp20260918.yaml,ES/nonlinear/atp/20260227/20260227_ESlong strangle_atp_Exp20260918.csv,ES,nonlinear,2026-02-27,20260227_ESlong strangle_atp_Exp20260918
configs/ES/nonlinear/20260227/20260227_ESlong strangle_atp_Exp20261218.yaml,ES/nonlinear/atp/20260227/20260227_ESlong strangle_atp_Exp20261218.csv,ES,nonlinear,2026-02-27,20260227_ESlong strangle_atp_Exp20261218
configs/NQ/linear/20260225/20260225_NQLinear0.yaml,NQ/linear/atp/20260225/20260225_NQLinear0.csv,NQ,linear,2026-02-25,20260225_NQLinear0
configs/NQ/linear/20260225/20260225_NQLinear1.yaml,NQ/linear/atp/20260225/20260225_NQLinear1.csv,NQ,linear,2026-02-25,20260225_NQLinear1
configs/NQ/linear/20260225/20260225_NQLinear2.yaml,NQ/linear/atp/20260225/20260225_NQLinear2.csv,NQ,linear,2026-02-25,20260225_NQLinear2
configs/NQ/linear/20260225/20260225_NQLinear3.yaml,NQ/linear/atp/20260225/20260225_NQLinear3.csv,NQ,linear,2026-02-25,20260225_NQLinear3
configs/NQ/linear/20260225/20260225_NQLinear4.yaml,NQ/linear/atp/20260225/20260225_NQLinear4.csv,NQ,linear,2026-02-25,20260225_NQLinear4
configs/NQ/linear/20260226/20260226_NQLinear0.yaml,NQ/linear/atp/20260226/20260226_NQLinear0.csv,NQ,linear,2026-02-26,20260226_NQLinear0
configs/NQ/linear/20260226/20260226_NQLinear1.yaml,NQ/linear/atp/20260226/20260226_NQLinear1.csv,NQ,linear,2026-02-26,20260226_NQLinear1
configs/NQ/linear/20260226/20260226_NQLinear2.yaml,NQ/linear/atp/20260226/20260226_NQLinear2.csv,NQ,linear,2026-02-26,20260226_NQLinear2
configs/NQ/linear/20260226/20260226_NQLinear3.yaml,NQ/linear/atp/20260226/20260226_NQLinear3.csv,NQ,linear,2026-02-26,20260226_NQLinear3
configs/NQ/linear/20260226/20260226_NQLinear4.yaml,NQ/linear/atp/20260226/20260226_NQLinear4.csv,NQ,linear,2026-02-26,20260226_NQLinear4
configs/NQ/linear/20260227/20260227_NQLinear0.yaml,NQ/linear/atp/20260227/20260227_NQLinear0.csv,NQ,linear,2026-02-27,20260227_NQLinear0
configs/NQ/linear/20260227/20260227_NQLinear1.yaml,NQ/linear/atp/20260227/20260227_NQLinear1.csv,NQ,linear,2026-02-27,20260227_NQLinear1
configs/NQ/linear/20260227/20260227_NQLinear2.yaml,NQ/linear/atp/20260227/20260227_NQLinear2.csv,NQ,linear,2026-02-27,20260227_NQLinear2
configs/NQ/linear/20260227/20260227_NQLinear3.yaml,NQ/linear/atp/20260227/20260227_NQLinear3.csv,NQ,linear,2026-02-27,20260227_NQLinear3
configs/NQ/linear/20260227/20260227_NQLinear4.yaml,NQ/linear/atp/20260227/20260227_NQLinear4.csv,NQ,linear,2026-02-27,20260227_NQLinear4
configs/NQ/mixed/20260225/20260225_NQcovered call_atp_Exp20260320.yaml,NQ/mixed/atp/20260225/20260225_NQcovered call_atp_Exp20260320.csv,NQ,mixed,2026-02-25,20260225_NQcovered call_atp_Exp20260320
configs/NQ/mixed/20260225/20260225_NQcovered call_atp_Exp20260618.yaml,NQ/mixed/atp/20260225/20260225_NQcovered call_atp_Exp20260618.csv,NQ,mixed,2026-02-25,20260225_NQcovered call_atp_Exp20260618
configs/NQ/mixed/20260225/20260225_NQcovered call_atp_Exp20260918.yaml,NQ/mixed/atp/20260225/20260225_NQcovered call_atp_Exp20260918.csv,NQ,mixed,2026-02-25,20260225_NQcovered call_atp_Exp20260918
configs/NQ/mixed/20260226/20260226_NQcovered call_atp_Exp20260320.yaml,NQ/mixed/atp/20260226/20260226_NQcovered call_atp_Exp20260320.csv,NQ,mixed,2026-02-26,20260226_NQcovered call_atp_Exp20260320
configs/NQ/mixed/20260226/20260226_NQcovered call_atp_Exp20260618.yaml,NQ/mixed/atp/20260226/20260226_NQcovered call_atp_Exp20260618.csv,NQ,mixed,2026-02-26,20260226_NQcovered call_atp_Exp20260618
configs/NQ/mixed/20260226/20260226_NQcovered call_atp_Exp20260918.yaml,NQ/mixed/atp/20260226/20260226_NQcovered call_atp_Exp20260918.csv,NQ,mixed,2026-02-26,20260226_NQcovered call_atp_Exp20260918
configs/NQ/mixed/20260227/20260227_NQcovered call_atp_Exp20260320.yaml,NQ/mixed/atp/20260227/20260227_NQcovered call_atp_Exp20260320.csv,NQ,mixed,2026-02-27,20260227_NQcovered call_atp_Exp20260320
configs/NQ/mixed/20260227/20260227_NQcovered call_atp_Exp20260618.yaml,NQ/mixed/atp/20260227/20260227_NQcovered call_atp_Exp20260618.csv,NQ,mixed,2026-02-27,20260227_NQcovered call_atp_Exp20260618
configs/NQ/mixed/20260227/20260227_NQcovered call_atp_Exp20260918.yaml,NQ/mixed/atp/20260227/20260227_NQcovered call_atp_Exp20260918.csv,NQ,mixed,2026-02-27,20260227_NQcovered call_atp_Exp20260918
configs/NQ/nonlinear/20260225/20260225_NQCalendarSpread0.yaml,NQ/nonlinear/atp/20260225/20260225_NQCalendarSpread0.csv,NQ,nonlinear,2026-02-25,20260225_NQCalendarSpread0
configs/NQ/nonlinear/20260225/20260225_NQCalendarSpread1.yaml,NQ/nonlinear/atp/20260225/20260225_NQCalendarSpread1.csv,NQ,nonlinear,2026-02-25,20260225_NQCalendarSpread1
configs/NQ/nonlinear/20260225/20260225_NQCalendarSpread2.yaml,NQ/nonlinear/atp/20260225/20260225_NQCalendarSpread2.csv,NQ,nonlinear,2026-02-25,20260225_NQCalendarSpread2
configs/NQ/nonlinear/20260225/20260225_NQDiagonalSpread0.yaml,NQ/nonlinear/atp/20260225/20260225_NQDiagonalSpread0.csv,NQ,nonlinear,2026-02-25,20260225_NQDiagonalSpread0
configs/NQ/nonlinear/20260225/20260225_NQDiagonalSpread1.yaml,NQ/nonlinear/atp/20260225/20260225_NQDiagonalSpread1.csv,NQ,nonlinear,2026-02-25,20260225_NQDiagonalSpread1
configs/NQ/nonlinear/20260225/20260225_NQDiagonalSpread2.yaml,NQ/nonlinear/atp/20260225/20260225_NQDiagonalSpread2.csv,NQ,nonlinear,2026-02-25,20260225_NQDiagonalSpread2
configs/NQ/nonlinear/20260225/20260225_NQbearish call spread_atp_Exp20260320.yaml,NQ/nonlinear/atp/20260225/20260225_NQbearish call spread_atp_Exp20260320.csv,NQ,nonlinear,2026-02-25,20260225_NQbearish call spread_atp_Exp20260320
configs/NQ/nonlinear/20260225/20260225_NQbearish call spread_atp_Exp20260618.yaml,NQ/nonlinear/atp/20260225/20260225_NQbearish call spread_atp_Exp20260618.csv,NQ,nonlinear,2026-02-25,20260225_NQbearish call spread_atp_Exp20260618
configs/NQ/nonlinear/20260225/20260225_NQbearish call spread_atp_Exp20260918.yaml,NQ/nonlinear/atp/20260225/20260225_NQbearish call spread_atp_Exp20260918.csv,NQ,nonlinear,2026-02-25,20260225_NQbearish call spread_atp_Exp20260918
configs/NQ/nonlinear/20260225/20260225_NQbearish put spread_atp_Exp20260320.yaml,NQ/nonlinear/atp/20260225/20260225_NQbearish put spread_atp_Exp20260320.csv,NQ,nonlinear,2026-02-25,20260225_NQbearish put spread_atp_Exp20260320
configs/NQ/nonlinear/20260225/20260225_NQbearish put spread_atp_Exp20260618.yaml,NQ/nonlinear/atp/20260225/20260225_NQbearish put spread_atp_Exp20260618.csv,NQ,nonlinear,2026-02-25,20260225_NQbearish put spread_atp_Exp20260618
configs/NQ/nonlinear/20260225/20260225_NQbearish put spread_atp_Exp20260918.yaml,NQ/nonlinear/atp/20260225/20260225_NQbearish put spread_atp_Exp20260918.csv,NQ,nonlinear,2026-02-25,20260225_NQbearish put spread_atp_Exp20260918
configs/NQ/nonlinear/20260225/20260225_NQbullish call spread_atp_Exp20260320.yaml,NQ/nonlinear/atp/20260225/20260225_NQbullish call spread_atp_Exp20260320.csv,NQ,nonlinear,2026-02-25,20260225_NQbullish call spread_atp_Exp20260320
configs/NQ/nonlinear/20260225/20260225_NQbullish call spread_atp_Exp20260618.yaml,NQ/nonlinear/atp/20260225/20260225_NQbullish call spread_atp_Exp20260618.csv,NQ,nonlinear,2026-02-25,20260225_NQbullish call spread_atp_Exp20260618
configs/NQ/nonlinear/20260225/20260225_NQbullish call spread_atp_Exp20260918.yaml,NQ/nonlinear/atp/20260225/20260225_NQbullish call spread_atp_Exp20260918.csv,NQ,nonlinear,2026-02-25,20260225_NQbullish call spread_atp_Exp20260918
configs/NQ/nonlinear/20260225/20260225_NQbullish put spread_atp_Exp20260320.yaml,NQ/nonlinear/atp/20260225/20260225_NQbullish put spread_atp_Exp20260320.csv,NQ,nonlinear,2026-02-25,20260225_NQbullish put spread_atp_Exp20260320
configs/NQ/nonlinear/20260225/20260225_NQbullish put spread_atp_Exp20260618.yaml,NQ/nonlinear/atp/20260225/20260225_NQbullish put spread_atp_Exp20260618.csv,NQ,nonlinear,2026-02-25,20260225_NQbullish put spread_atp_Exp20260618
configs/NQ/nonlinear/20260225/20260225_NQbullish put spread_atp_Exp20260918.yaml,NQ/nonlinear/atp/20260225/20260225_NQbullish put spread_atp_Exp20260918.csv,NQ,nonlinear,2026-02-25,20260225_NQbullish put spread_atp_Exp20260918
configs/NQ/nonlinear/20260225/20260225_NQlong straddle_atp_Exp20260320.yaml,NQ/nonlinear/atp/20260225/20260225_NQlong straddle_atp_Exp20260320.csv,NQ,nonlinear,2026-02-25,20260225_NQlong straddle_atp_Exp20260320
configs/NQ/nonlinear/20260225/20260225_NQlong straddle_atp_Exp20260618.yaml,NQ/nonlinear/atp/20260225/20260225_NQlong straddle_atp_Exp20260618.csv,NQ,nonlinear,2026-02-25,20260225_NQlong straddle_atp_Exp20260618
configs/NQ/nonlinear/20260225/20260225_NQlong straddle_atp_Exp20260918.yaml,NQ/nonlinear/atp/20260225/20260225_NQlong straddle_atp_Exp20260918.csv,NQ,nonlinear,2026-02-25,20260225_NQlong straddle_atp_Exp20260918
configs/NQ/nonlinear/20260225/20260225_NQlong straddle_atp_Exp20261218.yaml,NQ/nonlinear/atp/20260225/20260225_NQlong straddle_atp_Exp20261218.csv,NQ,nonlinear,2026-02-25,20260225_NQlong straddle_atp_Exp20261218
configs/NQ/nonlinear/20260225/20260225_NQlong strangle_atp_Exp20260320.yaml,NQ/nonlinear/atp/20260225/20260225_NQlong strangle_atp_Exp20260320.csv,NQ,nonlinear,2026-02-25,20260225_NQlong strangle_atp_Exp20260320
configs/NQ/nonlinear/20260225/20260225_NQlong strangle_atp_Exp20260618.yaml,NQ/nonlinear/atp/20260225/20260225_NQlong strangle_atp_Exp20260618.csv,NQ,nonlinear,2026-02-25,20260225_NQlong strangle_atp_Exp20260618
configs/NQ/nonlinear/20260226/20260226_NQCalendarSpread0.yaml,NQ/nonlinear/atp/20260226/20260226_NQCalendarSpread0.csv,NQ,nonlinear,2026-02-26,20260226_NQCalendarSpread0
configs/NQ/nonlinear/20260226/20260226_NQCalendarSpread1.yaml,NQ/nonlinear/atp/20260226/20260226_NQCalendarSpread1.csv,NQ,nonlinear,2026-02-26,20260226_NQCalendarSpread1
configs/NQ/nonlinear/20260226/20260226_NQCalendarSpread2.yaml,NQ/nonlinear/atp/20260226/20260226_NQCalendarSpread2.csv,NQ,nonlinear,2026-02-26,20260226_NQCalendarSpread2
configs/NQ/nonlinear/20260226/20260226_NQDiagonalSpread0.yaml,NQ/nonlinear/atp/20260226/20260226_NQDiagonalSpread0.csv,NQ,nonlinear,2026-02-26,20260226_NQDiagonalSpread0
configs/NQ/nonlinear/20260226/20260226_NQDiagonalSpread1.yaml,NQ/nonlinear/atp/20260226/20260226_NQDiagonalSpread1.csv,NQ,nonlinear,2026-02-26,20260226_NQDiagonalSpread1
configs/NQ/nonlinear/20260226/20260226_NQDiagonalSpread2.yaml,NQ/nonlinear/atp/20260226/20260226_NQDiagonalSpread2.csv,NQ,nonlinear,2026-02-26,20260226_NQDiagonalSpread2
configs/NQ/nonlinear/20260226/20260226_NQbearish call spread_atp_Exp20260320.yaml,NQ/nonlinear/atp/20260226/20260226_NQbearish call spread_atp_Exp20260320.csv,NQ,nonlinear,2026-02-26,20260226_NQbearish call spread_atp_Exp20260320
configs/NQ/nonlinear/20260226/20260226_NQbearish call spread_atp_Exp20260618.yaml,NQ/nonlinear/atp/20260226/20260226_NQbearish call spread_atp_Exp20260618.csv,NQ,nonlinear,2026-02-26,20260226_NQbearish call spread_atp_Exp20260618
configs/NQ/nonlinear/20260226/20260226_NQbearish call spread_atp_Exp20260918.yaml,NQ/nonlinear/atp/20260226/20260226_NQbearish call spread_atp_Exp20260918.csv,NQ,nonlinear,2026-02-26,20260226_NQbearish call spread_atp_Exp20260918
configs/NQ/nonlinear/20260226/20260226_NQbearish put spread_atp_Exp20260320.yaml,NQ/nonlinear/atp/20260226/20260226_NQbearish put spread_atp_Exp20260320.csv,NQ,nonlinear,2026-02-26,20260226_NQbearish put spread_atp_Exp20260320
configs/NQ/nonlinear/20260226/20260226_NQbearish put spread_atp_Exp20260618.yaml,NQ/nonlinear/atp/20260226/20260226_NQbearish put spread_atp_Exp20260618.csv,NQ,nonlinear,2026-02-26,20260226_NQbearish put spread_atp_Exp20260618
configs/NQ/nonlinear/20260226/20260226_NQbearish put spread_atp_Exp20260918.yaml,NQ/nonlinear/atp/20260226/20260226_NQbearish put spread_atp_Exp20260918.csv,NQ,nonlinear,2026-02-26,20260226_NQbearish put spread_atp_Exp20260918
configs/NQ/nonlinear/20260226/20260226_NQbullish call spread_atp_Exp20260320.yaml,NQ/nonlinear/atp/20260226/20260226_NQbullish call spread_atp_Exp20260320.csv,NQ,nonlinear,2026-02-26,20260226_NQbullish call spread_atp_Exp20260320
configs/NQ/nonlinear/20260226/20260226_NQbullish call spread_atp_Exp20260618.yaml,NQ/nonlinear/atp/20260226/20260226_NQbullish call spread_atp_Exp20260618.csv,NQ,nonlinear,2026-02-26,20260226_NQbullish call spread_atp_Exp20260618
configs/NQ/nonlinear/20260226/20260226_NQbullish call spread_atp_Exp20260918.yaml,NQ/nonlinear/atp/20260226/20260226_NQbullish call spread_atp_Exp20260918.csv,NQ,nonlinear,2026-02-26,20260226_NQbullish call spread_atp_Exp20260918
configs/NQ/nonlinear/20260226/20260226_NQbullish put spread_atp_Exp20260320.yaml,NQ/nonlinear/atp/20260226/20260226_NQbullish put spread_atp_Exp20260320.csv,NQ,nonlinear,2026-02-26,20260226_NQbullish put spread_atp_Exp20260320
configs/NQ/nonlinear/20260226/20260226_NQbullish put spread_atp_Exp20260618.yaml,NQ/nonlinear/atp/20260226/20260226_NQbullish put spread_atp_Exp20260618.csv,NQ,nonlinear,2026-02-26,20260226_NQbullish put spread_atp_Exp20260618
configs/NQ/nonlinear/20260226/20260226_NQbullish put spread_atp_Exp20260918.yaml,NQ/nonlinear/atp/20260226/20260226_NQbullish put spread_atp_Exp20260918.csv,NQ,nonlinear,2026-02-26,20260226_NQbullish put spread_atp_Exp20260918
configs/NQ/nonlinear/20260226/20260226_NQlong straddle_atp_Exp20260618.yaml,NQ/nonlinear/atp/20260226/20260226_NQlong straddle_atp_Exp20260618.csv,NQ,nonlinear,2026-02-26,20260226_NQlong straddle_atp_Exp20260618
configs/NQ/nonlinear/20260226/20260226_NQlong straddle_atp_Exp20260918.yaml,NQ/nonlinear/atp/20260226/20260226_NQlong straddle_atp_Exp20260918.csv,NQ,nonlinear,2026-02-26,20260226_NQlong straddle_atp_Exp20260918
configs/NQ/nonlinear/20260226/20260226_NQlong straddle_atp_Exp20261218.yaml,NQ/nonlinear/atp/20260226/20260226_NQlong straddle_atp_Exp20261218.csv,NQ,nonlinear,2026-02-26,20260226_NQlong straddle_atp_Exp20261218
configs/NQ/nonlinear/20260226/20260226_NQlong strangle_atp_Exp20260618.yaml,NQ/nonlinear/atp/20260226/20260226_NQlong strangle_atp_Exp20260618.csv,NQ,nonlinear,2026-02-26,20260226_NQlong strangle_atp_Exp20260618
configs/NQ/nonlinear/20260227/20260227_NQCalendarSpread0.yaml,NQ/nonlinear/atp/20260227/20260227_NQCalendarSpread0.csv,NQ,nonlinear,2026-02-27,20260227_NQCalendarSpread0
configs/NQ/nonlinear/20260227/20260227_NQCalendarSpread1.yaml,NQ/nonlinear/atp/20260227/20260227_NQCalendarSpread1.csv,NQ,nonlinear,2026-02-27,20260227_NQCalendarSpread1
configs/NQ/nonlinear/20260227/20260227_NQCalendarSpread2.yaml,NQ/nonlinear/atp/20260227/20260227_NQCalendarSpread2.csv,NQ,nonlinear,2026-02-27,20260227_NQCalendarSpread2
configs/NQ/nonlinear/20260227/20260227_NQDiagonalSpread0.yaml,NQ/nonlinear/atp/20260227/20260227_NQDiagonalSpread0.csv,NQ,nonlinear,2026-02-27,20260227_NQDiagonalSpread0
configs/NQ/nonlinear/20260227/20260227_NQDiagonalSpread1.yaml,NQ/nonlinear/atp/20260227/20260227_NQDiagonalSpread1.csv,NQ,nonlinear,2026-02-27,20260227_NQDiagonalSpread1
configs/NQ/nonlinear/20260227/20260227_NQDiagonalSpread2.yaml,NQ/nonlinear/atp/20260227/20260227_NQDiagonalSpread2.csv,NQ,nonlinear,2026-02-27,20260227_NQDiagonalSpread2
configs/NQ/nonlinear/20260227/20260227_NQbearish call spread_atp_Exp20260320.yaml,NQ/nonlinear/atp/20260227/20260227_NQbearish call spread_atp_Exp20260320.csv,NQ,nonlinear,2026-02-27,20260227_NQbearish call spread_atp_Exp20260320
configs/NQ/nonlinear/20260227/20260227_NQbearish call spread_atp_Exp20260618.yaml,NQ/nonlinear/atp/20260227/20260227_NQbearish call spread_atp_Exp20260618.csv,NQ,nonlinear,2026-02-27,20260227_NQbearish call spread_atp_Exp20260618
configs/NQ/nonlinear/20260227/20260227_NQbearish call spread_atp_Exp20260918.yaml,NQ/nonlinear/atp/20260227/20260227_NQbearish call spread_atp_Exp20260918.csv,NQ,nonlinear,2026-02-27,20260227_NQbearish call spread_atp_Exp20260918
configs/NQ/nonlinear/20260227/20260227_NQbearish put spread_atp_Exp20260320.yaml,NQ/nonlinear/atp/20260227/20260227_NQbearish put spread_atp_Exp20260320.csv,NQ,nonlinear,2026-02-27,20260227_NQbearish put spread_atp_Exp20260320
configs/NQ/nonlinear/20260227/20260227_NQbearish put spread_atp_Exp20260618.yaml,NQ/nonlinear/atp/20260227/20260227_NQbearish put spread_atp_Exp20260618.csv,NQ,nonlinear,2026-02-27,20260227_NQbearish put spread_atp_Exp20260618
configs/NQ/nonlinear/20260227/20260227_NQbearish put spread_atp_Exp20260918.yaml,NQ/nonlinear/atp/20260227/20260227_NQbearish put spread_atp_Exp20260918.csv,NQ,nonlinear,2026-02-27,20260227_NQbearish put spread_atp_Exp20260918
configs/NQ/nonlinear/20260227/20260227_NQbullish call spread_atp_Exp20260320.yaml,NQ/nonlinear/atp/20260227/20260227_NQbullish call spread_atp_Exp20260320.csv,NQ,nonlinear,2026-02-27,20260227_NQbullish call spread_atp_Exp20260320
configs/NQ/nonlinear/20260227/20260227_NQbullish call spread_atp_Exp20260618.yaml,NQ/nonlinear/atp/20260227/20260227_NQbullish call spread_atp_Exp20260618.csv,NQ,nonlinear,2026-02-27,20260227_NQbullish call spread_atp_Exp20260618
configs/NQ/nonlinear/20260227/20260227_NQbullish call spread_atp_Exp20260918.yaml,NQ/nonlinear/atp/20260227/20260227_NQbullish call spread_atp_Exp20260918.csv,NQ,nonlinear,2026-02-27,20260227_NQbullish call spread_atp_Exp20260918
configs/NQ/nonlinear/20260227/20260227_NQbullish put spread_atp_Exp20260320.yaml,NQ/nonlinear/atp/20260227/20260227_NQbullish put spread_atp_Exp20260320.csv,NQ,nonlinear,2026-02-27,20260227_NQbullish put spread_atp_Exp20260320
configs/NQ/nonlinear/20260227/20260227_NQbullish put spread_atp_Exp20260618.yaml,NQ/nonlinear/atp/20260227/20260227_NQbullish put spread_atp_Exp20260618.csv,NQ,nonlinear,2026-02-27,20260227_NQbullish put spread_atp_Exp20260618
configs/NQ/nonlinear/20260227/20260227_NQbullish put spread_atp_Exp20260918.yaml,NQ/nonlinear/atp/20260227/20260227_NQbullish put spread_atp_Exp20260918.csv,NQ,nonlinear,2026-02-27,20260227_NQbullish put spread_atp_Exp20260918
configs/NQ/nonlinear/20260227/20260227_NQlong straddle_atp_Exp20260618.yaml,NQ/nonlinear/atp/20260227/20260227_NQlong straddle_atp_Exp20260618.csv,NQ,nonlinear,2026-02-27,20260227_NQlong straddle_atp_Exp20260618
configs/NQ/nonlinear/20260227/20260227_NQlong straddle_atp_Exp20261218.yaml,NQ/nonlinear/atp/20260227/20260227_NQlong straddle_atp_Exp20261218.csv,NQ,nonlinear,2026-02-27,20260227_NQlong straddle_atp_Exp20261218
configs/NQ/nonlinear/20260227/20260227_NQlong strangle_atp_Exp20260320.yaml,NQ/nonlinear/atp/20260227/20260227_NQlong strangle_atp_Exp20260320.csv,NQ,nonlinear,2026-02-27,20260227_NQlong strangle_atp_Exp20260320
configs/NQ/nonlinear/20260227/20260227_NQlong strangle_atp_Exp20260618.yaml,NQ/nonlinear/atp/20260227/20260227_NQlong strangle_atp_Exp20260618.csv,NQ,nonlinear,2026-02-27,20260227_NQlong strangle_atp_Exp20260618
