config,source,symbol,category,date,portfolio,margin,elapsed_seconds,status,error
configs/ES/linear/20260225/20260225_ES_Linear0.yaml,ES/linear/atp/20260225/20260225_ES_Linear0.csv,ES,linear,2026-02-25,20260225_ES_Linear0,12311.32964731846,0.06568462599989289,ok,
configs/ES/linear/20260225/20260225_ES_Linear1.yaml,ES/linear/atp/20260225/20260225_ES_Linear1.csv,ES,linear,2026-02-25,20260225_ES_Linear1,3226776.488730938,0.05682533799972589,ok,
configs/ES/linear/20260225/20260225_ES_Linear2.yaml,ES/linear/atp/20260225/20260225_ES_Linear2.csv,ES,linear,2026-02-25,20260225_ES_Linear2,1590232.5893045054,0.059166512999581755,ok,
configs/ES/linear/20260225/20260225_ES_Linear3.yaml,ES/linear/atp/20260225/20260225_ES_Linear3.csv,ES,linear,2026-02-25,20260225_ES_Linear3,23644.656472188188,0.05536396000024979,ok,
configs/ES/linear/20260225/20260225_ES_Linear4.yaml,ES/linear/atp/20260225/20260225_ES_Linear4.csv,ES,linear,2026-02-25,20260225_ES_Linear4,1612899.2429542448,0.06082815900026617,ok,
configs/ES/linear/20260226/20260226_ES_Linear0.yaml,ES/linear/atp/20260226/20260226_ES_Linear0.csv,ES,linear,2026-02-26,20260226_ES_Linear0,12733.568056924036,0.06711231999997835,ok,
configs/ES/linear/20260226/20260226_ES_Linear1.yaml,ES/linear/atp/20260226/20260226_ES_Linear1.csv,ES,linear,2026-02-26,20260226_ES_Linear1,1682762.1407547668,0.06877229400015494,ok,
configs/ES/linear/20260226/20260226_ES_Linear2.yaml,ES/linear/atp/20260226/20260226_ES_Linear2.csv,ES,linear,2026-02-26,20260226_ES_Linear2,5049131.303557178,0.06773158400028478,ok,
configs/ES/linear/20260226/20260226_ES_Linear3.yaml,ES/linear/atp/20260226/20260226_ES_Linear3.csv,ES,linear,2026-02-26,20260226_ES_Linear3,12311.127410484944,0.06442342799982725,ok,
configs/ES/linear/20260226/20260226_ES_Linear4.yaml,ES/linear/atp/20260226/20260226_ES_Linear4.csv,ES,linear,2026-02-26,20260226_ES_Linear4,3365946.7221559724,0.06716061000042828,ok,
configs/ES/linear/20260227/20260227_ES_Linear0.yaml,ES/linear/atp/20260227/20260227_ES_Linear0.csv,ES,linear,2026-02-27,20260227_ES_Linear0,13491.135635044891,0.07470700200065039,ok,
configs/ES/linear/20260227/20260227_ES_Linear1.yaml,ES/linear/atp/20260227/20260227_ES_Linear1.csv,ES,linear,2026-02-27,20260227_ES_Linear1,13491.135635044891,0.07396969499950501,ok,
configs/ES/linear/20260227/20260227_ES_Linear2.yaml,ES/linear/atp/20260227/20260227_ES_Linear2.csv,ES,linear,2026-02-27,20260227_ES_Linear2,1783785.1049647587,0.07405568800004403,ok,
configs/ES/linear/20260227/20260227_ES_Linear3.yaml,ES/linear/atp/20260227/20260227_ES_Linear3.csv,ES,linear,2026-02-27,20260227_ES_Linear3,13491.135635044891,0.07567050600027869,ok,
configs/ES/linear/20260227/20260227_ES_Linear4.yaml,ES/linear/atp/20260227/20260227_ES_Linear4.csv,ES,linear,2026-02-27,20260227_ES_Linear4,3567570.2099295175,0.07539768999959051,ok,
configs/ES/mixed/20260225/20260225_EScovered call_atp_Exp20260320.yaml,ES/mixed/atp/20260225/20260225_EScovered call_atp_Exp20260320.csv,ES,mixed,2026-02-25,20260225_EScovered call_atp_Exp20260320,1309152.5517410247,0.055794805999539676,ok,
configs/ES/mixed/20260225/20260225_EScovered call_atp_Exp20260618.yaml,ES/mixed/atp/20260225/20260225_EScovered call_atp_Exp20260618.csv,ES,mixed,2026-02-25,20260225_EScovered call_atp_Exp20260618,1657191.8881779062,0.055943917999684345,ok,
configs/ES/mixed/20260225/20260225_EScovered call_atp_Exp20260918.yaml,ES/mixed/atp/20260225/20260225_EScovered call_atp_Exp20260918.csv,ES,mixed,2026-02-25,20260225_EScovered call_atp_Exp20260918,1690567.3956152666,0.05511558899979718,ok,
configs/ES/mixed/20260225/20260225_ESdelta neutral_atp_Exp20260320.yaml,ES/mixed/atp/20260225/20260225_ESdelta neutral_atp_Exp20260320.csv,ES,mixed,2026-02-25,20260225_ESdelta neutral_atp_Exp20260320,7764441.538603052,0.05589162900014344,ok,
configs/ES/mixed/20260225/20260225_ESdelta neutral_atp_Exp20260618.yaml,ES/mixed/atp/20260225/20260225_ESdelta neutral_atp_Exp20260618.csv,ES,mixed,2026-02-25,20260225_ESdelta neutral_atp_Exp20260618,9729415.999358267,0.05602222600009554,ok,
configs/ES/mixed/20260225/20260225_ESdelta neutral_atp_Exp20260918.yaml,ES/mixed/atp/20260225/20260225_ESdelta neutral_atp_Exp20260918.csv,ES,mixed,2026-02-25,20260225_ESdelta neutral_atp_Exp20260918,10633474.71061837,0.05770367100012663,ok,
configs/ES/mixed/20260225/20260225_ESprotective put_atp_Exp20260320.yaml,ES/mixed/atp/20260225/20260225_ESprotective put_atp_Exp20260320.csv,ES,mixed,2026-02-25,20260225_ESprotective put_atp_Exp20260320,1347368.8624816653,0.05701498700000229,ok,
configs/ES/mixed/20260225/20260225_ESprotective put_atp_Exp20260618.yaml,ES/mixed/atp/20260225/20260225_ESprotective put_atp_Exp20260618.csv,ES,mixed,2026-02-25,20260225_ESprotective put_atp_Exp20260618,1516808.2480912872,0.057020405999537616,ok,
configs/ES/mixed/20260225/20260225_ESprotective put_atp_Exp20260918.yaml,ES/mixed/atp/20260225/20260225_ESprotective put_atp_Exp20260918.csv,ES,mixed,2026-02-25,20260225_ESprotective put_atp_Exp20260918,831199.8631853077,0.057911353999770654,ok,
configs/ES/mixed/20260226/20260226_EScovered call_atp_Exp20260320.yaml,ES/mixed/atp/20260226/20260226_EScovered call_atp_Exp20260320.csv,ES,mixed,2026-02-26,20260226_EScovered call_atp_Exp20260320,1682045.168899429,0.06755543799954467,ok,
configs/ES/mixed/20260226/20260226_EScovered call_atp_Exp20260618.yaml,ES/mixed/atp/20260226/20260226_EScovered call_atp_Exp20260618.csv,ES,mixed,2026-02-26,20260226_EScovered call_atp_Exp20260618,1807813.8342635825,0.06619400899944594,ok,
configs/ES/mixed/20260226/20260226_EScovered call_atp_Exp20260918.yaml,ES/mixed/atp/20260226/20260226_EScovered call_atp_Exp20260918.csv,ES,mixed,2026-02-26,20260226_EScovered call_atp_Exp20260918,2037962.7099459525,0.06742433900035394,ok,
configs/ES/mixed/20260226/20260226_ESdelta neutral_atp_Exp20260320.yaml,ES/mixed/atp/20260226/20260226_ESdelta neutral_atp_Exp20260320.csv,ES,mixed,2026-02-26,20260226_ESdelta neutral_atp_Exp20260320,8180670.725536149,0.06842175700057851,ok,
configs/ES/mixed/20260226/20260226_ESdelta neutral_atp_Exp20260618.yaml,ES/mixed/atp/20260226/20260226_ESdelta neutral_atp_Exp20260618.csv,ES,mixed,2026-02-26,20260226_ESdelta neutral_atp_Exp20260618,7647280724.091856,0.06752621200030262,ok,
configs/ES/mixed/20260226/20260226_ESdelta neutral_atp_Exp20260918.yaml,ES/mixed/atp/20260226/20260226_ESdelta neutral_atp_Exp20260918.csv,ES,mixed,2026-02-26,20260226_ESdelta neutral_atp_Exp20260918,6000563.123829614,0.06925030599995807,ok,
configs/ES/mixed/20260226/20260226_ESprotective put_atp_Exp20260320.yaml,ES/mixed/atp/20260226/20260226_ESprotective put_atp_Exp20260320.csv,ES,mixed,2026-02-26,20260226_ESprotective put_atp_Exp20260320,1213237.4494338273,0.07355968800038681,ok,
configs/ES/mixed/20260226/20260226_ESprotective put_atp_Exp20260618.yaml,ES/mixed/atp/20260226/20260226_ESprotective put_atp_Exp20260618.csv,ES,mixed,2026-02-26,20260226_ESprotective put_atp_Exp20260618,1592416.7061485045,0.07061485099984566,ok,
configs/ES/mixed/20260226/20260226_ESprotective put_atp_Exp20260918.yaml,ES/mixed/atp/20260226/20260226_ESprotective put_atp_Exp20260918.csv,ES,mixed,2026-02-26,20260226_ESprotective put_atp_Exp20260918,978195.7750105923,0.06924840300052892,ok,
configs/ES/mixed/20260227/20260227_EScovered call_atp_Exp20260320.yaml,ES/mixed/atp/20260227/20260227_EScovered call_atp_Exp20260320.csv,ES,mixed,2026-02-27,20260227_EScovered call_atp_Exp20260320,479285.42505848897,0.08045022700025584,ok,
configs/ES/mixed/20260227/20260227_EScovered call_atp_Exp20260618.yaml,ES/mixed/atp/20260227/20260227_EScovered call_atp_Exp20260618.csv,ES,mixed,2026-02-27,20260227_EScovered call_atp_Exp20260618,310440.849002142,0.07879342900014308,ok,
configs/ES/mixed/20260227/20260227_EScovered call_atp_Exp20260918.yaml,ES/mixed/atp/20260227/20260227_EScovered call_atp_Exp20260918.csv,ES,mixed,2026-02-27,20260227_EScovered call_atp_Exp20260918,2247334.0705390004,0.0791130540001177,ok,
configs/ES/nonlinear/20260225/20260225_ESCalendarSpread0.yaml,ES/nonlinear/atp/20260225/20260225_ESCalendarSpread0.csv,ES,nonlinear,2026-02-25,20260225_ESCalendarSpread0,227139.84555933488,0.05851757100026589,ok,
configs/ES/nonlinear/20260225/20260225_ESCalendarSpread1.yaml,ES/nonlinear/atp/20260225/20260225_ESCalendarSpread1.csv,ES,nonlinear,2026-02-25,20260225_ESCalendarSpread1,421380.8743229845,0.05802936700001737,ok,
configs/ES/nonlinear/20260225/20260225_ESCalendarSpread2.yaml,ES/nonlinear/atp/20260225/20260225_ESCalendarSpread2.csv,ES,nonlinear,2026-02-25,20260225_ESCalendarSpread2,564811.1156749787,0.058148211000116135,ok,
configs/ES/nonlinear/20260225/20260225_ESDiagonalSpread0.yaml,ES/nonlinear/atp/20260225/20260225_ESDiagonalSpread0.csv,ES,nonlinear,2026-02-25,20260225_ESDiagonalSpread0,1513305.2298996241,0.05950271599976986,ok,
configs/ES/nonlinear/20260225/20260225_ESDiagonalSpread1.yaml,ES/nonlinear/atp/20260225/20260225_ESDiagonalSpread1.csv,ES,nonlinear,2026-02-25,20260225_ESDiagonalSpread1,1497242.7647841675,0.059567677999439184,ok,
configs/ES/nonlinear/20260225/20260225_ESDiagonalSpread2.yaml,ES/nonlinear/atp/20260225/20260225_ESDiagonalSpread2.csv,ES,nonlinear,2026-02-25,20260225_ESDiagonalSpread2,1459408.650153271,0.06031756799984578,ok,
configs/ES/nonlinear/20260225/20260225_ESbearish call spread_atp_Exp20260320.yaml,ES/nonlinear/atp/20260225/20260225_ESbearish call spread_atp_Exp20260320.csv,ES,nonlinear,2026-02-25,20260225_ESbearish call spread_atp_Exp20260320,7150.418578920653,0.0600419869997495,ok,
configs/ES/nonlinear/20260225/20260225_ESbearish call spread_atp_Exp20260618.yaml,ES/nonlinear/atp/20260225/20260225_ESbearish call spread_atp_Exp20260618.csv,ES,nonlinear,2026-02-25,20260225_ESbearish call spread_atp_Exp20260618,47209.828063632245,0.05708603899984155,ok,
configs/ES/nonlinear/20260225/20260225_ESbearish call spread_atp_Exp20260918.yaml,ES/nonlinear/atp/20260225/20260225_ESbearish call spread_atp_Exp20260918.csv,ES,nonlinear,2026-02-25,20260225_ESbearish call spread_atp_Exp20260918,19198.732100782683,0.058228322000104527,ok,
configs/ES/nonlinear/20260225/20260225_ESbearish put spread_atp_Exp20260320.yaml,ES/nonlinear/atp/20260225/20260225_ESbearish put spread_atp_Exp20260320.csv,ES,nonlinear,2026-02-25,20260225_ESbearish put spread_atp_Exp20260320,20447.413674852345,0.05776439300007041,ok,
configs/ES/nonlinear/20260225/20260225_ESbearish put spread_atp_Exp20260618.yaml,ES/nonlinear/atp/20260225/20260225_ESbearish put spread_atp_Exp20260618.csv,ES,nonlinear,2026-02-25,20260225_ESbearish put spread_atp_Exp20260618,51580.55104564596,0.05840533699938533,ok,
configs/ES/nonlinear/20260225/20260225_ESbearish put spread_atp_Exp20260918.yaml,ES/nonlinear/atp/20260225/20260225_ESbearish put spread_atp_Exp20260918.csv,ES,nonlinear,2026-02-25,20260225_ESbearish put spread_atp_Exp20260918,47100.63659913675,0.05843535399981192,ok,
configs/ES/nonlinear/20260225/20260225_ESbullish call spread_atp_Exp20260320.yaml,ES/nonlinear/atp/20260225/20260225_ESbullish call spread_atp_Exp20260320.csv,ES,nonlinear,2026-02-25,20260225_ESbullish call spread_atp_Exp20260320,54668.718406265485,0.05999192200033576,ok,
configs/ES/nonlinear/20260225/20260225_ESbullish call spread_atp_Exp20260618.yaml,ES/nonlinear/atp/20260225/20260225_ESbullish call spread_atp_Exp20260618.csv,ES,nonlinear,2026-02-25,20260225_ESbullish call spread_atp_Exp20260618,57493.64469714882,0.05529867400036892,ok,
configs/ES/nonlinear/20260225/20260225_ESbullish call spread_atp_Exp20260918.yaml,ES/nonlinear/atp/20260225/20260225_ESbullish call spread_atp_Exp20260918.csv,ES,nonlinear,2026-02-25,20260225_ESbullish call spread_atp_Exp20260918,77818.17130757828,0.05874614299955283,ok,
configs/ES/nonlinear/20260225/20260225_ESbullish put spread_atp_Exp20260320.yaml,ES/nonlinear/atp/20260225/20260225_ESbullish put spread_atp_Exp20260320.csv,ES,nonlinear,2026-02-25,20260225_ESbullish put spread_atp_Exp20260320,55020.910606746795,0.05753329599974677,ok,
configs/ES/nonlinear/20260225/20260225_ESbullish put spread_atp_Exp20260618.yaml,ES/nonlinear/atp/20260225/20260225_ESbullish put spread_atp_Exp20260618.csv,ES,nonlinear,2026-02-25,20260225_ESbullish put spread_atp_Exp20260618,119556.90449195425,0.061622600000191596,ok,
configs/ES/nonlinear/20260225/20260225_ESbullish put spread_atp_Exp20260918.yaml,ES/nonlinear/atp/20260225/20260225_ESbullish put spread_atp_Exp20260918.csv,ES,nonlinear,2026-02-25,20260225_ESbullish put spread_atp_Exp20260918,38164.22157012648,0.06034350799927779,ok,
configs/ES/nonlinear/20260225/20260225_ESlong straddle_atp_Exp20260320.yaml,ES/nonlinear/atp/20260225/20260225_ESlong straddle_atp_Exp20260320.csv,ES,nonlinear,2026-02-25,20260225_ESlong straddle_atp_Exp20260320,202621.082391791,0.05943272300009994,ok,
configs/ES/nonlinear/20260225/20260225_ESlong straddle_atp_Exp20260618.yaml,ES/nonlinear/atp/20260225/20260225_ESlong straddle_atp_Exp20260618.csv,ES,nonlinear,2026-02-25,20260225_ESlong straddle_atp_Exp20260618,1554022.19350309,0.12701421700057836,ok,
configs/ES/nonlinear/20260225/20260225_ESlong straddle_atp_Exp20260918.yaml,ES/nonlinear/atp/20260225/20260225_ESlong straddle_atp_Exp20260918.csv,ES,nonlinear,2026-02-25,20260225_ESlong straddle_atp_Exp20260918,2063328.1548956996,0.05846958799975255,ok,
configs/ES/nonlinear/20260225/20260225_ESlong straddle_atp_Exp20271217.yaml,ES/nonlinear/atp/20260225/20260225_ESlong straddle_atp_Exp20271217.csv,ES,nonlinear,2026-02-25,20260225_ESlong straddle_atp_Exp20271217,1924768.1403796906,0.05947061299957568,ok,
configs/ES/nonlinear/20260225/20260225_ESlong straddle_atp_Exp20291221.yaml,ES/nonlinear/atp/20260225/20260225_ESlong straddle_atp_Exp20291221.csv,ES,nonlinear,2026-02-25,20260225_ESlong straddle_atp_Exp20291221,3633453.4008672168,0.0601956259997678,ok,
configs/ES/nonlinear/20260225/20260225_ESlong strangle_atp_Exp20260320.yaml,ES/nonlinear/atp/20260225/20260225_ESlong strangle_atp_Exp20260320.csv,ES,nonlinear,2026-02-25,20260225_ESlong strangle_atp_Exp20260320,118816.70428455147,0.05856633100029285,ok,
configs/ES/nonlinear/20260225/20260225_ESlong strangle_atp_Exp20260618.yaml,ES/nonlinear/atp/20260225/20260225_ESlong strangle_atp_Exp20260618.csv,ES,nonlinear,2026-02-25,20260225_ESlong strangle_atp_Exp20260618,197701.39056578503,0.05695540000033361,ok,
configs/ES/nonlinear/20260225/20260225_ESlong strangle_atp_Exp20260918.yaml,ES/nonlinear/atp/20260225/20260225_ESlong strangle_atp_Exp20260918.csv,ES,nonlinear,2026-02-25,20260225_ESlong strangle_atp_Exp20260918,292022.7491178062,0.06140921400037769,ok,
configs/ES/nonlinear/20260225/20260225_ESlong strangle_atp_Exp20261218.yaml,ES/nonlinear/atp/20260225/20260225_ESlong strangle_atp_Exp20261218.csv,ES,nonlinear,2026-02-25,20260225_ESlong strangle_atp_Exp20261218,273910.4148960065,0.059742518000348355,ok,
configs/ES/nonlinear/20260226/20260226_ESCalendarSpread0.yaml,ES/nonlinear/atp/20260226/20260226_ESCalendarSpread0.csv,ES,nonlinear,2026-02-26,20260226_ESCalendarSpread0,602148.5180038939,0.07054423399949883,ok,
configs/ES/nonlinear/20260226/20260226_ESCalendarSpread1.yaml,ES/nonlinear/atp/20260226/20260226_ESCalendarSpread1.csv,ES,nonlinear,2026-02-26,20260226_ESCalendarSpread1,473323.8532312671,0.0722236649999104,ok,
configs/ES/nonlinear/20260226/20260226_ESCalendarSpread2.yaml,ES/nonlinear/atp/20260226/20260226_ESCalendarSpread2.csv,ES,nonlinear,2026-02-26,20260226_ESCalendarSpread2,455916.9920379191,0.07054411399985838,ok,
configs/ES/nonlinear/20260226/20260226_ESDiagonalSpread0.yaml,ES/nonlinear/atp/20260226/20260226_ESDiagonalSpread0.csv,ES,nonlinear,2026-02-26,20260226_ESDiagonalSpread0,199448.47697811582,0.06845659000009618,ok,
configs/ES/nonlinear/20260226/20260226_ESDiagonalSpread1.yaml,ES/nonlinear/atp/20260226/20260226_ESDiagonalSpread1.csv,ES,nonlinear,2026-02-26,20260226_ESDiagonalSpread1,509119.01283343893,0.06554247199983365,ok,
configs/ES/nonlinear/20260226/20260226_ESDiagonalSpread2.yaml,ES/nonlinear/atp/20260226/20260226_ESDiagonalSpread2.csv,ES,nonlinear,2026-02-26,20260226_ESDiagonalSpread2,298319.6073537676,0.0631506919999083,ok,
configs/ES/nonlinear/20260226/20260226_ESbearish call spread_atp_Exp20260320.yaml,ES/nonlinear/atp/20260226/20260226_ESbearish call spread_atp_Exp20260320.csv,ES,nonlinear,2026-02-26,20260226_ESbearish call spread_atp_Exp20260320,7393.321483193198,0.062087559000246983,ok,
configs/ES/nonlinear/20260226/20260226_ESbearish call spread_atp_Exp20260618.yaml,ES/nonlinear/atp/20260226/20260226_ESbearish call spread_atp_Exp20260618.csv,ES,nonlinear,2026-02-26,20260226_ESbearish call spread_atp_Exp20260618,225150.41091472027,0.059666714000741194,ok,
configs/ES/nonlinear/20260226/20260226_ESbearish call spread_atp_Exp20260918.yaml,ES/nonlinear/atp/20260226/20260226_ESbearish call spread_atp_Exp20260918.csv,ES,nonlinear,2026-02-26,20260226_ESbearish call spread_atp_Exp20260918,51761.62541795574,0.056167295999330236,ok,
configs/ES/nonlinear/20260226/20260226_ESbearish put spread_atp_Exp20260320.yaml,ES/nonlinear/atp/20260226/20260226_ESbearish put spread_atp_Exp20260320.csv,ES,nonlinear,2026-02-26,20260226_ESbearish put spread_atp_Exp20260320,31058.74404827034,0.05463033599971823,ok,
configs/ES/nonlinear/20260226/20260226_ESbearish put spread_atp_Exp20260618.yaml,ES/nonlinear/atp/20260226/20260226_ESbearish put spread_atp_Exp20260618.csv,ES,nonlinear,2026-02-26,20260226_ESbearish put spread_atp_Exp20260618,114118.54020198318,0.05508340399956069,ok,
configs/ES/nonlinear/20260226/20260226_ESbearish put spread_atp_Exp20260918.yaml,ES/nonlinear/atp/20260226/20260226_ESbearish put spread_atp_Exp20260918.csv,ES,nonlinear,2026-02-26,20260226_ESbearish put spread_atp_Exp20260918,78553.26924454374,0.053251565000209666,ok,
configs/ES/nonlinear/20260226/20260226_ESbullish call spread_atp_Exp20260320.yaml,ES/nonlinear/atp/20260226/20260226_ESbullish call spread_atp_Exp20260320.csv,ES,nonlinear,2026-02-26,20260226_ESbullish call spread_atp_Exp20260320,74225.0196607234,0.05127944000014395,ok,
configs/ES/nonlinear/20260226/20260226_ESbullish call spread_atp_Exp20260618.yaml,ES/nonlinear/atp/20260226/20260226_ESbullish call spread_atp_Exp20260618.csv,ES,nonlinear,2026-02-26,20260226_ESbullish call spread_atp_Exp20260618,202005.56808661312,0.04963872300049843,ok,
configs/ES/nonlinear/20260226/20260226_ESbullish call spread_atp_Exp20260918.yaml,ES/nonlinear/atp/20260226/20260226_ESbullish call spread_atp_Exp20260918.csv,ES,nonlinear,2026-02-26,20260226_ESbullish call spread_atp_Exp20260918,40776.8407909036,0.04529197099964222,ok,
configs/ES/nonlinear/20260226/20260226_ESbullish put spread_atp_Exp20260320.yaml,ES/nonlinear/atp/20260226/20260226_ESbullish put spread_atp_Exp20260320.csv,ES,nonlinear,2026-02-26,20260226_ESbullish put spread_atp_Exp20260320,38024.21953942417,0.0455829630000153,ok,
configs/ES/nonlinear/20260226/20260226_ESbullish put spread_atp_Exp20260618.yaml,ES/nonlinear/atp/20260226/20260226_ESbullish put spread_atp_Exp20260618.csv,ES,nonlinear,2026-02-26,20260226_ESbullish put spread_atp_Exp20260618,199806.61344910506,0.044727202000103716,ok,
configs/ES/nonlinear/20260226/20260226_ESbullish put spread_atp_Exp20260918.yaml,ES/nonlinear/atp/20260226/20260226_ESbullish put spread_atp_Exp20260918.csv,ES,nonlinear,2026-02-26,20260226_ESbullish put spread_atp_Exp20260918,38999.8114808884,0.04883712500031834,ok,
configs/ES/nonlinear/20260226/20260226_ESlong straddle_atp_Exp20260618.yaml,ES/nonlinear/atp/20260226/20260226_ESlong straddle_atp_Exp20260618.csv,ES,nonlinear,2026-02-26,20260226_ESlong straddle_atp_Exp20260618,497940.5424543336,0.05195775400079583,ok,
configs/ES/nonlinear/20260226/20260226_ESlong straddle_atp_Exp20260918.yaml,ES/nonlinear/atp/20260226/20260226_ESlong straddle_atp_Exp20260918.csv,ES,nonlinear,2026-02-26,20260226_ESlong straddle_atp_Exp20260918,1470417.2263905671,0.04233677499996702,ok,
configs/ES/nonlinear/20260226/20260226_ESlong straddle_atp_Exp20271217.yaml,ES/nonlinear/atp/20260226/20260226_ESlong straddle_atp_Exp20271217.csv,ES,nonlinear,2026-02-26,20260226_ESlong straddle_atp_Exp20271217,805657.509936795,0.04165088599984301,ok,
configs/ES/nonlinear/20260226/20260226_ESlong straddle_atp_Exp20291221.yaml,ES/nonlinear/atp/20260226/20260226_ESlong straddle_atp_Exp20291221.csv,ES,nonlinear,2026-02-26,20260226_ESlong straddle_atp_Exp20291221,4215560.033582821,0.04056459899948095,ok,
configs/ES/nonlinear/20260226/20260226_ESlong strangle_atp_Exp20260618.yaml,ES/nonlinear/atp/20260226/20260226_ESlong strangle_atp_Exp20260618.csv,ES,nonlinear,2026-02-26,20260226_ESlong strangle_atp_Exp20260618,229640.58844098012,0.039505512999312486,ok,
configs/ES/nonlinear/20260226/20260226_ESlong strangle_atp_Exp20261218.yaml,ES/nonlinear/atp/20260226/20260226_ESlong strangle_atp_Exp20261218.csv,ES,nonlinear,2026-02-26,20260226_ESlong strangle_atp_Exp20261218,1695998.6842113012,0.0380841309997777,ok,
configs/ES/nonlinear/20260227/20260227_ESCalendarSpread0.yaml,ES/nonlinear/atp/20260227/20260227_ESCalendarSpread0.csv,ES,nonlinear,2026-02-27,20260227_ESCalendarSpread0,279018.1863020239,0.04313966599966079,ok,
configs/ES/nonlinear/20260227/20260227_ESCalendarSpread1.yaml,ES/nonlinear/atp/20260227/20260227_ESCalendarSpread1.csv,ES,nonlinear,2026-02-27,20260227_ESCalendarSpread1,127693.77174036438,0.042705263000243576,ok,
configs/ES/nonlinear/20260227/20260227_ESCalendarSpread2.yaml,ES/nonlinear/atp/20260227/20260227_ESCalendarSpread2.csv,ES,nonlinear,2026-02-27,20260227_ESCalendarSpread2,421426.8273570927,0.04167748600048071,ok,
configs/ES/nonlinear/20260227/20260227_ESDiagonalSpread0.yaml,ES/nonlinear/atp/20260227/20260227_ESDiagonalSpread0.csv,ES,nonlinear,2026-02-27,20260227_ESDiagonalSpread0,1178598.9921507437,0.042234972000187554,ok,
configs/ES/nonlinear/20260227/20260227_ESDiagonalSpread1.yaml,ES/nonlinear/atp/20260227/20260227_ESDiagonalSpread1.csv,ES,nonlinear,2026-02-27,20260227_ESDiagonalSpread1,22462.347049858323,0.04081329999917216,ok,
configs/ES/nonlinear/20260227/20260227_ESDiagonalSpread2.yaml,ES/nonlinear/atp/20260227/20260227_ESDiagonalSpread2.csv,ES,nonlinear,2026-02-27,20260227_ESDiagonalSpread2,938076.1190637258,0.03925049000008585,ok,
configs/ES/nonlinear/20260227/20260227_ESbearish call spread_atp_Exp20260320.yaml,ES/nonlinear/atp/20260227/20260227_ESbearish call spread_atp_Exp20260320.csv,ES,nonlinear,2026-02-27,20260227_ESbearish call spread_atp_Exp20260320,8649.022945707664,0.038087908000306925,ok,
configs/ES/nonlinear/20260227/20260227_ESbearish call spread_atp_Exp20260618.yaml,ES/nonlinear/atp/20260227/20260227_ESbearish call spread_atp_Exp20260618.csv,ES,nonlinear,2026-02-27,20260227_ESbearish call spread_atp_Exp20260618,62958.13871170988,0.03816736800035869,ok,
configs/ES/nonlinear/20260227/20260227_ESbearish call spread_atp_Exp20260918.yaml,ES/nonlinear/atp/20260227/20260227_ESbearish call spread_atp_Exp20260918.csv,ES,nonlinear,2026-02-27,20260227_ESbearish call spread_atp_Exp20260918,58211.66529905499,0.03686309800013987,ok,
configs/ES/nonlinear/20260227/20260227_ESbearish put spread_atp_Exp20260320.yaml,ES/nonlinear/atp/20260227/20260227_ESbearish put spread_atp_Exp20260320.csv,ES,nonlinear,2026-02-27,20260227_ESbearish put spread_atp_Exp20260320,8706.49103924568,0.03609141700053442,ok,
configs/ES/nonlinear/20260227/20260227_ESbearish put spread_atp_Exp20260618.yaml,ES/nonlinear/atp/20260227/20260227_ESbearish put spread_atp_Exp20260618.csv,ES,nonlinear,2026-02-27,20260227_ESbearish put spread_atp_Exp20260618,114211.13468729239,0.036598707999473845,ok,
configs/ES/nonlinear/20260227/20260227_ESbearish put spread_atp_Exp20260918.yaml,ES/nonlinear/atp/20260227/20260227_ESbearish put spread_atp_Exp20260918.csv,ES,nonlinear,2026-02-27,20260227_ESbearish put spread_atp_Exp20260918,174464.07666108524,0.036020704000293335,ok,
configs/ES/nonlinear/20260227/20260227_ESbullish call spread_atp_Exp20260320.yaml,ES/nonlinear/atp/20260227/20260227_ESbullish call spread_atp_Exp20260320.csv,ES,nonlinear,2026-02-27,20260227_ESbullish call spread_atp_Exp20260320,62872.2841519519,0.03614622100030829,ok,
configs/ES/nonlinear/20260227/20260227_ESbullish call spread_atp_Exp20260618.yaml,ES/nonlinear/atp/20260227/20260227_ESbullish call spread_atp_Exp20260618.csv,ES,nonlinear,2026-02-27,20260227_ESbullish call spread_atp_Exp20260618,63944.78606027149,0.03622805600025458,ok,
configs/ES/nonlinear/20260227/20260227_ESbullish call spread_atp_Exp20260918.yaml,ES/nonlinear/atp/20260227/20260227_ESbullish call spread_atp_Exp20260918.csv,ES,nonlinear,2026-02-27,20260227_ESbullish call spread_atp_Exp20260918,129533.20822694991,0.03686311799992836,ok,
configs/ES/nonlinear/20260227/20260227_ESbullish put spread_atp_Exp20260320.yaml,ES/nonlinear/atp/20260227/20260227_ESbullish put spread_atp_Exp20260320.csv,ES,nonlinear,2026-02-27,20260227_ESbullish put spread_atp_Exp20260320,24129.96008557221,0.03706013200007874,ok,
configs/ES/nonlinear/20260227/20260227_ESbullish put spread_atp_Exp20260618.yaml,ES/nonlinear/atp/20260227/20260227_ESbullish put spread_atp_Exp20260618.csv,ES,nonlinear,2026-02-27,20260227_ESbullish put spread_atp_Exp20260618,57838.2428372202,0.03761346900046192,ok,
configs/ES/nonlinear/20260227/20260227_ESbullish put spread_atp_Exp20260918.yaml,ES/nonlinear/atp/20260227/20260227_ESbullish put spread_atp_Exp20260918.csv,ES,nonlinear,2026-02-27,20260227_ESbullish put spread_atp_Exp20260918,41379.66170096886,0.03720984499977931,ok,
configs/ES/nonlinear/20260227/20260227_ESlong straddle_atp_Exp20260618.yaml,ES/nonlinear/atp/20260227/20260227_ESlong straddle_atp_Exp20260618.csv,ES,nonlinear,2026-02-27,20260227_ESlong straddle_atp_Exp20260618,1870525.3498701171,0.038139786000101594,ok,
configs/ES/nonlinear/20260227/20260227_ESlong straddle_atp_Exp20270617.yaml,ES/nonlinear/atp/20260227/20260227_ESlong straddle_atp_Exp20270617.csv,ES,nonlinear,2026-02-27,20260227_ESlong straddle_atp_Exp20270617,3902839.0997747155,0.03719805300079315,ok,
configs/ES/nonlinear/20260227/20260227_ESlong straddle_atp_Exp20271217.yaml,ES/nonlinear/atp/20260227/20260227_ESlong straddle_atp_Exp20271217.csv,ES,nonlinear,2026-02-27,20260227_ESlong straddle_atp_Exp20271217,1854160.1158036077,0.036774119999790855,ok,
configs/ES/nonlinear/20260227/20260227_ESlong straddle_atp_Exp20291221.yaml,ES/nonlinear/atp/20260227/20260227_ESlong straddle_atp_Exp20291221.csv,ES,nonlinear,2026-02-27,20260227_ESlong straddle_atp_Exp20291221,4529491.9087892035,0.03704058400035137,ok,
configs/ES/nonlinear/20260227/20260227_ESlong strangle_atp_Exp20260320.yaml,ES/nonlinear/atp/20260227/20260227_ESlong strangle_atp_Exp20260320.csv,ES,nonlinear,2026-02-27,20260227_ESlong strangle_atp_Exp20260320,9503.929208134905,0.03723149600045872,ok,
configs/ES/nonlinear/20260227/20260227_ESlong strangle_atp_Exp20260618.yaml,ES/nonlinear/atp/20260227/20260227_ESlong strangle_atp_Exp20260618.csv,ES,nonlinear,2026-02-27,20260227_ESlong strangle_atp_Exp20260618,34711.00586999502,0.03704990200003522,ok,
configs/ES/nonlinear/20260227/20260227_ESlong strangle_atp_Exp20260918.yaml,ES/nonlinear/atp/20260227/20260227_ESlong strangle_atp_Exp20260918.csv,ES,nonlinear,2026-02-27,20260227_ESlong strangle_atp_Exp20260918,1143573.237137294,0.03625471700070193,ok,
configs/ES/nonlinear/20260227/20260227_ESlong strangle_atp_Exp20261218.yaml,ES/nonlinear/atp/20260227/20260227_ESlong strangle_atp_Exp20261218.csv,ES,nonlinear,2026-02-27,20260227_ESlong strangle_atp_Exp20261218,1919005.4227856016,0.03710828200019023,ok,
configs/NQ/linear/20260225/20260225_NQLinear0.yaml,NQ/linear/atp/20260225/20260225_NQLinear0.csv,NQ,linear,2026-02-25,20260225_NQLinear0,3289363.4569501732,0.024154071000339172,ok,
configs/NQ/linear/20260225/20260225_NQLinear1.yaml,NQ/linear/atp/20260225/20260225_NQLinear1.csv,NQ,linear,2026-02-25,20260225_NQLinear1,3348136.5292811827,0.0237421310002901,ok,
configs/NQ/linear/20260225/20260225_NQLinear2.yaml,NQ/linear/atp/20260225/20260225_NQLinear2.csv,NQ,linear,2026-02-25,20260225_NQLinear2,29092.343923577573,0.024021219000132987,ok,
configs/NQ/linear/20260225/20260225_NQLinear3.yaml,NQ/linear/atp/20260225/20260225_NQLinear3.csv,NQ,linear,2026-02-25,20260225_NQLinear3,29092.343923577573,0.022930483999516582,ok,
configs/NQ/linear/20260225/20260225_NQLinear4.yaml,NQ/linear/atp/20260225/20260225_NQLinear4.csv,NQ,linear,2026-02-25,20260225_NQLinear4,3289363.4569501732,0.023856306999732624,ok,
configs/NQ/linear/20260226/20260226_NQLinear0.yaml,NQ/linear/atp/20260226/20260226_NQLinear0.csv,NQ,linear,2026-02-26,20260226_NQLinear0,6713923.730739888,0.028847548999692663,ok,
configs/NQ/linear/20260226/20260226_NQLinear1.yaml,NQ/linear/atp/20260226/20260226_NQLinear1.csv,NQ,linear,2026-02-26,20260226_NQLinear1,6743176.132661073,0.02919492699948023,ok,
configs/NQ/linear/20260226/20260226_NQLinear2.yaml,NQ/linear/atp/20260226/20260226_NQLinear2.csv,NQ,linear,2026-02-26,20260226_NQLinear2,6743176.132661073,0.031232756999997946,ok,
configs/NQ/linear/20260226/20260226_NQLinear3.yaml,NQ/linear/atp/20260226/20260226_NQLinear3.csv,NQ,linear,2026-02-26,20260226_NQLinear3,59234.45559096569,0.02905392100001336,ok,
configs/NQ/linear/20260226/20260226_NQLinear4.yaml,NQ/linear/atp/20260226/20260226_NQLinear4.csv,NQ,linear,2026-02-26,20260226_NQLinear4,3297362.58390468,0.028608326000721718,ok,
configs/NQ/linear/20260227/20260227_NQLinear0.yaml,NQ/linear/atp/20260227/20260227_NQLinear0.csv,NQ,linear,2026-02-27,20260227_NQLinear0,6873546.695080091,0.03304467699945235,ok,
configs/NQ/linear/20260227/20260227_NQLinear1.yaml,NQ/linear/atp/20260227/20260227_NQLinear1.csv,NQ,linear,2026-02-27,20260227_NQLinear1,29537.314352186862,0.033077899999625515,ok,
configs/NQ/linear/20260227/20260227_NQLinear2.yaml,NQ/linear/atp/20260227/20260227_NQLinear2.csv,NQ,linear,2026-02-27,20260227_NQLinear2,3361047.9480585055,0.033987542999966536,ok,
configs/NQ/linear/20260227/20260227_NQLinear3.yaml,NQ/linear/atp/20260227/20260227_NQLinear3.csv,NQ,linear,2026-02-27,20260227_NQLinear3,6873546.695080091,0.033423543999560934,ok,
configs/NQ/linear/20260227/20260227_NQLinear4.yaml,NQ/linear/atp/20260227/20260227_NQLinear4.csv,NQ,linear,2026-02-27,20260227_NQLinear4,30792.05675289966,0.03544592400066904,ok,
configs/NQ/mixed/20260225/20260225_NQcovered call_atp_Exp20260320.yaml,NQ/mixed/atp/20260225/20260225_NQcovered call_atp_Exp20260320.csv,NQ,mixed,2026-02-25,20260225_NQcovered call_atp_Exp20260320,303583.2594591435,0.02574744799949258,ok,
configs/NQ/mixed/20260225/20260225_NQcovered call_atp_Exp20260618.yaml,NQ/mixed/atp/20260225/20260225_NQcovered call_atp_Exp20260618.csv,NQ,mixed,2026-02-25,20260225_NQcovered call_atp_Exp20260618,3451260.657852505,0.025093840999943495,ok,
configs/NQ/mixed/20260225/20260225_NQcovered call_atp_Exp20260918.yaml,NQ/mixed/atp/20260225/20260225_NQcovered call_atp_Exp20260918.csv,NQ,mixed,2026-02-25,20260225_NQcovered call_atp_Exp20260918,3784842.847199781,0.025125078999735706,ok,
configs/NQ/mixed/20260226/20260226_NQcovered call_atp_Exp20260320.yaml,NQ/mixed/atp/20260226/20260226_NQcovered call_atp_Exp20260320.csv,NQ,mixed,2026-02-26,20260226_NQcovered call_atp_Exp20260320,531481.9940448008,0.030748980000680604,ok,
configs/NQ/mixed/20260226/20260226_NQcovered call_atp_Exp20260618.yaml,NQ/mixed/atp/20260226/20260226_NQcovered call_atp_Exp20260618.csv,NQ,mixed,2026-02-26,20260226_NQcovered call_atp_Exp20260618,313800.3846870051,0.03225213600035204,ok,
configs/NQ/mixed/20260226/20260226_NQcovered call_atp_Exp20260918.yaml,NQ/mixed/atp/20260226/20260226_NQcovered call_atp_Exp20260918.csv,NQ,mixed,2026-02-26,20260226_NQcovered call_atp_Exp20260918,1628344.066179294,0.031286767999517906,ok,
configs/NQ/mixed/20260227/20260227_NQcovered call_atp_Exp20260320.yaml,NQ/mixed/atp/20260227/20260227_NQcovered call_atp_Exp20260320.csv,NQ,mixed,2026-02-27,20260227_NQcovered call_atp_Exp20260320,2673597.0574928345,0.03454815399982181,ok,
configs/NQ/mixed/20260227/20260227_NQcovered call_atp_Exp20260618.yaml,NQ/mixed/atp/20260227/20260227_NQcovered call_atp_Exp20260618.csv,NQ,mixed,2026-02-27,20260227_NQcovered call_atp_Exp20260618,2307327.1420908184,0.035404014000050665,ok,
configs/NQ/mixed/20260227/20260227_NQcovered call_atp_Exp20260918.yaml,NQ/mixed/atp/20260227/20260227_NQcovered call_atp_Exp20260918.csv,NQ,mixed,2026-02-27,20260227_NQcovered call_atp_Exp20260918,3883617.989470771,0.036157792000267364,ok,
configs/NQ/nonlinear/20260225/20260225_NQCalendarSpread0.yaml,NQ/nonlinear/atp/20260225/20260225_NQCalendarSpread0.csv,NQ,nonlinear,2026-02-25,20260225_NQCalendarSpread0,1217301.2988479666,0.026349828000093112,ok,
configs/NQ/nonlinear/20260225/20260225_NQCalendarSpread1.yaml,NQ/nonlinear/atp/20260225/20260225_NQCalendarSpread1.csv,NQ,nonlinear,2026-02-25,20260225_NQCalendarSpread1,1075703.366359754,0.024815622999994957,ok,
configs/NQ/nonlinear/20260225/20260225_NQCalendarSpread2.yaml,NQ/nonlinear/atp/20260225/20260225_NQCalendarSpread2.csv,NQ,nonlinear,2026-02-25,20260225_NQCalendarSpread2,1016600.4225603294,0.026253646000441222,ok,
configs/NQ/nonlinear/20260225/20260225_NQDiagonalSpread0.yaml,NQ/nonlinear/atp/20260225/20260225_NQDiagonalSpread0.csv,NQ,nonlinear,2026-02-25,20260225_NQDiagonalSpread0,1524162.6071467919,0.025806540000303357,ok,
configs/NQ/nonlinear/20260225/20260225_NQDiagonalSpread1.yaml,NQ/nonlinear/atp/20260225/20260225_NQDiagonalSpread1.csv,NQ,nonlinear,2026-02-25,20260225_NQDiagonalSpread1,2105853.728185844,0.026611514999785868,ok,
configs/NQ/nonlinear/20260225/20260225_NQDiagonalSpread2.yaml,NQ/nonlinear/atp/20260225/20260225_NQDiagonalSpread2.csv,NQ,nonlinear,2026-02-25,20260225_NQDiagonalSpread2,267969.423639426,0.026448976000210678,ok,
configs/NQ/nonlinear/20260225/20260225_NQbearish call spread_atp_Exp20260320.yaml,NQ/nonlinear/atp/20260225/20260225_NQbearish call spread_atp_Exp20260320.csv,NQ,nonlinear,2026-02-25,20260225_NQbearish call spread_atp_Exp20260320,45895.13446310675,0.027167055999598233,ok,
configs/NQ/nonlinear/20260225/20260225_NQbearish call spread_atp_Exp20260618.yaml,NQ/nonlinear/atp/20260225/20260225_NQbearish call spread_atp_Exp20260618.csv,NQ,nonlinear,2026-02-25,20260225_NQbearish call spread_atp_Exp20260618,523755.0176190061,0.027874616000190144,ok,
configs/NQ/nonlinear/20260225/20260225_NQbearish call spread_atp_Exp20260918.yaml,NQ/nonlinear/atp/20260225/20260225_NQbearish call spread_atp_Exp20260918.csv,NQ,nonlinear,2026-02-25,20260225_NQbearish call spread_atp_Exp20260918,339431.3709129314,0.026486378000299737,ok,
configs/NQ/nonlinear/20260225/20260225_NQbearish put spread_atp_Exp20260320.yaml,NQ/nonlinear/atp/20260225/20260225_NQbearish put spread_atp_Exp20260320.csv,NQ,nonlinear,2026-02-25,20260225_NQbearish put spread_atp_Exp20260320,21587.404082409455,0.026195076000476547,ok,
configs/NQ/nonlinear/20260225/20260225_NQbearish put spread_atp_Exp20260618.yaml,NQ/nonlinear/atp/20260225/20260225_NQbearish put spread_atp_Exp20260618.csv,NQ,nonlinear,2026-02-25,20260225_NQbearish put spread_atp_Exp20260618,203355.3314709242,0.025627670999710972,ok,
configs/NQ/nonlinear/20260225/20260225_NQbearish put spread_atp_Exp20260918.yaml,NQ/nonlinear/atp/20260225/20260225_NQbearish put spread_atp_Exp20260918.csv,NQ,nonlinear,2026-02-25,20260225_NQbearish put spread_atp_Exp20260918,110793.04878617986,0.02531510900007561,ok,
configs/NQ/nonlinear/20260225/20260225_NQbullish call spread_atp_Exp20260320.yaml,NQ/nonlinear/atp/20260225/20260225_NQbullish call spread_atp_Exp20260320.csv,NQ,nonlinear,2026-02-25,20260225_NQbullish call spread_atp_Exp20260320,161913.33730910742,0.025027553999279917,ok,
configs/NQ/nonlinear/20260225/20260225_NQbullish call spread_atp_Exp20260618.yaml,NQ/nonlinear/atp/20260225/20260225_NQbullish call spread_atp_Exp20260618.csv,NQ,nonlinear,2026-02-25,20260225_NQbullish call spread_atp_Exp20260618,543782.9553009941,0.025157601000501018,ok,
configs/NQ/nonlinear/20260225/20260225_NQbullish call spread_atp_Exp20260918.yaml,NQ/nonlinear/atp/20260225/20260225_NQbullish call spread_atp_Exp20260918.csv,NQ,nonlinear,2026-02-25,20260225_NQbullish call spread_atp_Exp20260918,348144.13653397886,0.024893429999792716,ok,
configs/NQ/nonlinear/20260225/20260225_NQbullish put spread_atp_Exp20260320.yaml,NQ/nonlinear/atp/20260225/20260225_NQbullish put spread_atp_Exp20260320.csv,NQ,nonlinear,2026-02-25,20260225_NQbullish put spread_atp_Exp20260320,53701.6215058472,0.02566501099954621,ok,
configs/NQ/nonlinear/20260225/20260225_NQbullish put spread_atp_Exp20260618.yaml,NQ/nonlinear/atp/20260225/20260225_NQbullish put spread_atp_Exp20260618.csv,NQ,nonlinear,2026-02-25,20260225_NQbullish put spread_atp_Exp20260618,509233.88022249565,0.025602183000046352,ok,
configs/NQ/nonlinear/20260225/20260225_NQbullish put spread_atp_Exp20260918.yaml,NQ/nonlinear/atp/20260225/20260225_NQbullish put spread_atp_Exp20260918.csv,NQ,nonlinear,2026-02-25,20260225_NQbullish put spread_atp_Exp20260918,174315.3077894207,0.025668497999504325,ok,
configs/NQ/nonlinear/20260225/20260225_NQlong straddle_atp_Exp20260320.yaml,NQ/nonlinear/atp/20260225/20260225_NQlong straddle_atp_Exp20260320.csv,NQ,nonlinear,2026-02-25,20260225_NQlong straddle_atp_Exp20260320,2241985.6322036963,0.02515306200075429,ok,
configs/NQ/nonlinear/20260225/20260225_NQlong straddle_atp_Exp20260618.yaml,NQ/nonlinear/atp/20260225/20260225_NQlong straddle_atp_Exp20260618.csv,NQ,nonlinear,2026-02-25,20260225_NQlong straddle_atp_Exp20260618,3481865.691820785,0.02524822299983498,ok,
configs/NQ/nonlinear/20260225/20260225_NQlong straddle_atp_Exp20260918.yaml,NQ/nonlinear/atp/20260225/20260225_NQlong straddle_atp_Exp20260918.csv,NQ,nonlinear,2026-02-25,20260225_NQlong straddle_atp_Exp20260918,3756050.047676406,0.02575213700038148,ok,
configs/NQ/nonlinear/20260225/20260225_NQlong straddle_atp_Exp20261218.yaml,NQ/nonlinear/atp/20260225/20260225_NQlong straddle_atp_Exp20261218.csv,NQ,nonlinear,2026-02-25,20260225_NQlong straddle_atp_Exp20261218,3882384.2874135408,0.02525501499985694,ok,
configs/NQ/nonlinear/20260225/20260225_NQlong strangle_atp_Exp20260320.yaml,NQ/nonlinear/atp/20260225/20260225_NQlong strangle_atp_Exp20260320.csv,NQ,nonlinear,2026-02-25,20260225_NQlong strangle_atp_Exp20260320,107647.88141492491,0.0259346220000225,ok,
configs/NQ/nonlinear/20260225/20260225_NQlong strangle_atp_Exp20260618.yaml,NQ/nonlinear/atp/20260225/20260225_NQlong strangle_atp_Exp20260618.csv,NQ,nonlinear,2026-02-25,20260225_NQlong strangle_atp_Exp20260618,283885.7679696863,0.02537085499989189,ok,
configs/NQ/nonlinear/20260226/20260226_NQCalendarSpread0.yaml,NQ/nonlinear/atp/20260226/20260226_NQCalendarSpread0.csv,NQ,nonlinear,2026-02-26,20260226_NQCalendarSpread0,1575185.4998321852,0.03110543399998278,ok,
configs/NQ/nonlinear/20260226/20260226_NQCalendarSpread1.yaml,NQ/nonlinear/atp/20260226/20260226_NQCalendarSpread1.csv,NQ,nonlinear,2026-02-26,20260226_NQCalendarSpread1,500411.5669182831,0.032179548000385694,ok,
configs/NQ/nonlinear/20260226/20260226_NQCalendarSpread2.yaml,NQ/nonlinear/atp/20260226/20260226_NQCalendarSpread2.csv,NQ,nonlinear,2026-02-26,20260226_NQCalendarSpread2,1152204.9924071417,0.033359963000293646,ok,
configs/NQ/nonlinear/20260226/20260226_NQDiagonalSpread0.yaml,NQ/nonlinear/atp/20260226/20260226_NQDiagonalSpread0.csv,NQ,nonlinear,2026-02-26,20260226_NQDiagonalSpread0,1499746.2974412565,0.033484468999631645,ok,
configs/NQ/nonlinear/20260226/20260226_NQDiagonalSpread1.yaml,NQ/nonlinear/atp/20260226/20260226_NQDiagonalSpread1.csv,NQ,nonlinear,2026-02-26,20260226_NQDiagonalSpread1,877987.6472403522,0.032512058000065736,ok,
configs/NQ/nonlinear/20260226/20260226_NQDiagonalSpread2.yaml,NQ/nonlinear/atp/20260226/20260226_NQDiagonalSpread2.csv,NQ,nonlinear,2026-02-26,20260226_NQDiagonalSpread2,650879.5640780509,0.03220156000043062,ok,
configs/NQ/nonlinear/20260226/20260226_NQbearish call spread_atp_Exp20260320.yaml,NQ/nonlinear/atp/20260226/20260226_NQbearish call spread_atp_Exp20260320.csv,NQ,nonlinear,2026-02-26,20260226_NQbearish call spread_atp_Exp20260320,111708.40252237255,0.03164590699998371,ok,
configs/NQ/nonlinear/20260226/20260226_NQbearish call spread_atp_Exp20260618.yaml,NQ/nonlinear/atp/20260226/20260226_NQbearish call spread_atp_Exp20260618.csv,NQ,nonlinear,2026-02-26,20260226_NQbearish call spread_atp_Exp20260618,193261.48318381165,0.03150539199941704,ok,
configs/NQ/nonlinear/20260226/20260226_NQbearish call spread_atp_Exp20260918.yaml,NQ/nonlinear/atp/20260226/20260226_NQbearish call spread_atp_Exp20260918.csv,NQ,nonlinear,2026-02-26,20260226_NQbearish call spread_atp_Exp20260918,342834.00641854294,0.03258043700043345,ok,
configs/NQ/nonlinear/20260226/20260226_NQbearish put spread_atp_Exp20260320.yaml,NQ/nonlinear/atp/20260226/20260226_NQbearish put spread_atp_Exp20260320.csv,NQ,nonlinear,2026-02-26,20260226_NQbearish put spread_atp_Exp20260320,39072.641689196345,0.03206301699992764,ok,
configs/NQ/nonlinear/20260226/20260226_NQbearish put spread_atp_Exp20260618.yaml,NQ/nonlinear/atp/20260226/20260226_NQbearish put spread_atp_Exp20260618.csv,NQ,nonlinear,2026-02-26,20260226_NQbearish put spread_atp_Exp20260618,669806.0417483828,0.03228498799944646,ok,
configs/NQ/nonlinear/20260226/20260226_NQbearish put spread_atp_Exp20260918.yaml,NQ/nonlinear/atp/20260226/20260226_NQbearish put spread_atp_Exp20260918.csv,NQ,nonlinear,2026-02-26,20260226_NQbearish put spread_atp_Exp20260918,222182.61463653878,0.03209731199967791,ok,
configs/NQ/nonlinear/20260226/20260226_NQbullish call spread_atp_Exp20260320.yaml,NQ/nonlinear/atp/20260226/20260226_NQbullish call spread_atp_Exp20260320.csv,NQ,nonlinear,2026-02-26,20260226_NQbullish call spread_atp_Exp20260320,161728.8092809167,0.03171220300009736,ok,
configs/NQ/nonlinear/20260226/20260226_NQbullish call spread_atp_Exp20260618.yaml,NQ/nonlinear/atp/20260226/20260226_NQbullish call spread_atp_Exp20260618.csv,NQ,nonlinear,2026-02-26,20260226_NQbullish call spread_atp_Exp20260618,545306.6053898084,0.030714022000211116,ok,
configs/NQ/nonlinear/20260226/20260226_NQbullish call spread_atp_Exp20260918.yaml,NQ/nonlinear/atp/20260226/20260226_NQbullish call spread_atp_Exp20260918.csv,NQ,nonlinear,2026-02-26,20260226_NQbullish call spread_atp_Exp20260918,480187.1611520207,0.031220261999806098,ok,
configs/NQ/nonlinear/20260226/20260226_NQbullish put spread_atp_Exp20260320.yaml,NQ/nonlinear/atp/20260226/20260226_NQbullish put spread_atp_Exp20260320.csv,NQ,nonlinear,2026-02-26,20260226_NQbullish put spread_atp_Exp20260320,161265.58733012713,0.03085718399961479,ok,
configs/NQ/nonlinear/20260226/20260226_NQbullish put spread_atp_Exp20260618.yaml,NQ/nonlinear/atp/20260226/20260226_NQbullish put spread_atp_Exp20260618.csv,NQ,nonlinear,2026-02-26,20260226_NQbullish put spread_atp_Exp20260618,179447.48960070498,0.03327692599941656,ok,
configs/NQ/nonlinear/20260226/20260226_NQbullish put spread_atp_Exp20260918.yaml,NQ/nonlinear/atp/20260226/20260226_NQbullish put spread_atp_Exp20260918.csv,NQ,nonlinear,2026-02-26,20260226_NQbullish put spread_atp_Exp20260918,193998.47086268198,0.036826747999839426,ok,
configs/NQ/nonlinear/20260226/20260226_NQlong straddle_atp_Exp20260618.yaml,NQ/nonlinear/atp/20260226/20260226_NQlong straddle_atp_Exp20260618.csv,NQ,nonlinear,2026-02-26,20260226_NQlong straddle_atp_Exp20260618,2202446.0658387193,0.037709139000071445,ok,
configs/NQ/nonlinear/20260226/20260226_NQlong straddle_atp_Exp20260918.yaml,NQ/nonlinear/atp/20260226/20260226_NQlong straddle_atp_Exp20260918.csv,NQ,nonlinear,2026-02-26,20260226_NQlong straddle_atp_Exp20260918,1680146.7196435882,0.03320960799919703,ok,
configs/NQ/nonlinear/20260226/20260226_NQlong straddle_atp_Exp20261218.yaml,NQ/nonlinear/atp/20260226/20260226_NQlong straddle_atp_Exp20261218.csv,NQ,nonlinear,2026-02-26,20260226_NQlong straddle_atp_Exp20261218,839885.5540605038,0.03199194199987687,ok,
configs/NQ/nonlinear/20260226/20260226_NQlong strangle_atp_Exp20260618.yaml,NQ/nonlinear/atp/20260226/20260226_NQlong strangle_atp_Exp20260618.csv,NQ,nonlinear,2026-02-26,20260226_NQlong strangle_atp_Exp20260618,1122252.3702662615,0.03225975999976072,ok,
configs/NQ/nonlinear/20260227/20260227_NQCalendarSpread0.yaml,NQ/nonlinear/atp/20260227/20260227_NQCalendarSpread0.csv,NQ,nonlinear,2026-02-27,20260227_NQCalendarSpread0,1293400.82811644,0.03547849499955191,ok,
configs/NQ/nonlinear/20260227/20260227_NQCalendarSpread1.yaml,NQ/nonlinear/atp/20260227/20260227_NQCalendarSpread1.csv,NQ,nonlinear,2026-02-27,20260227_NQCalendarSpread1,875780.3490879595,0.035501848999956565,ok,
configs/NQ/nonlinear/20260227/20260227_NQCalendarSpread2.yaml,NQ/nonlinear/atp/20260227/20260227_NQCalendarSpread2.csv,NQ,nonlinear,2026-02-27,20260227_NQCalendarSpread2,300720.228404718,0.03671866299919202,ok,
configs/NQ/nonlinear/20260227/20260227_NQDiagonalSpread0.yaml,NQ/nonlinear/atp/20260227/20260227_NQDiagonalSpread0.csv,NQ,nonlinear,2026-02-27,20260227_NQDiagonalSpread0,1587878.9012859478,0.03653144899999461,ok,
configs/NQ/nonlinear/20260227/20260227_NQDiagonalSpread1.yaml,NQ/nonlinear/atp/20260227/20260227_NQDiagonalSpread1.csv,NQ,nonlinear,2026-02-27,20260227_NQDiagonalSpread1,131814.98821123262,0.03541088599922659,ok,
configs/NQ/nonlinear/20260227/20260227_NQDiagonalSpread2.yaml,NQ/nonlinear/atp/20260227/20260227_NQDiagonalSpread2.csv,NQ,nonlinear,2026-02-27,20260227_NQDiagonalSpread2,3275307.616673405,0.035827484999572334,ok,
configs/NQ/nonlinear/20260227/20260227_NQbearish call spread_atp_Exp20260320.yaml,NQ/nonlinear/atp/20260227/20260227_NQbearish call spread_atp_Exp20260320.csv,NQ,nonlinear,2026-02-27,20260227_NQbearish call spread_atp_Exp20260320,184907.12371142628,0.037126284999430936,ok,
configs/NQ/nonlinear/20260227/20260227_NQbearish call spread_atp_Exp20260618.yaml,NQ/nonlinear/atp/20260227/20260227_NQbearish call spread_atp_Exp20260618.csv,NQ,nonlinear,2026-02-27,20260227_NQbearish call spread_atp_Exp20260618,192978.63335412997,0.03698198100028094,ok,
configs/NQ/nonlinear/20260227/20260227_NQbearish call spread_atp_Exp20260918.yaml,NQ/nonlinear/atp/20260227/20260227_NQbearish call spread_atp_Exp20260918.csv,NQ,nonlinear,2026-02-27,20260227_NQbearish call spread_atp_Exp20260918,280658.70954247843,0.03659012900061498,ok,
configs/NQ/nonlinear/20260227/20260227_NQbearish put spread_atp_Exp20260320.yaml,NQ/nonlinear/atp/20260227/20260227_NQbearish put spread_atp_Exp20260320.csv,NQ,nonlinear,2026-02-27,20260227_NQbearish put spread_atp_Exp20260320,60794.06416144292,0.0363849699997445,ok,
configs/NQ/nonlinear/20260227/20260227_NQbearish put spread_atp_Exp20260618.yaml,NQ/nonlinear/atp/20260227/20260227_NQbearish put spread_atp_Exp20260618.csv,NQ,nonlinear,2026-02-27,20260227_NQbearish put spread_atp_Exp20260618,422151.7164141522,0.037574834000224655,ok,
configs/NQ/nonlinear/20260227/20260227_NQbearish put spread_atp_Exp20260918.yaml,NQ/nonlinear/atp/20260227/20260227_NQbearish put spread_atp_Exp20260918.csv,NQ,nonlinear,2026-02-27,20260227_NQbearish put spread_atp_Exp20260918,609461.7309406371,0.03717856399998709,ok,
configs/NQ/nonlinear/20260227/20260227_NQbullish call spread_atp_Exp20260320.yaml,NQ/nonlinear/atp/20260227/20260227_NQbullish call spread_atp_Exp20260320.csv,NQ,nonlinear,2026-02-27,20260227_NQbullish call spread_atp_Exp20260320,50072.31051426544,0.0364369290000468,ok,
configs/NQ/nonlinear/20260227/20260227_NQbullish call spread_atp_Exp20260618.yaml,NQ/nonlinear/atp/20260227/20260227_NQbullish call spread_atp_Exp20260618.csv,NQ,nonlinear,2026-02-27,20260227_NQbullish call spread_atp_Exp20260618,309530.26474466256,0.03558242100007192,ok,
configs/NQ/nonlinear/20260227/20260227_NQbullish call spread_atp_Exp20260918.yaml,NQ/nonlinear/atp/20260227/20260227_NQbullish call spread_atp_Exp20260918.csv,NQ,nonlinear,2026-02-27,20260227_NQbullish call spread_atp_Exp20260918,434654.04038844514,0.0355413530005535,ok,
configs/NQ/nonlinear/20260227/20260227_NQbullish put spread_atp_Exp20260320.yaml,NQ/nonlinear/atp/20260227/20260227_NQbullish put spread_atp_Exp20260320.csv,NQ,nonlinear,2026-02-27,20260227_NQbullish put spread_atp_Exp20260320,294577.48860642966,0.03541101599967078,ok,
configs/NQ/nonlinear/20260227/20260227_NQbullish put spread_atp_Exp20260618.yaml,NQ/nonlinear/atp/20260227/20260227_NQbullish put spread_atp_Exp20260618.csv,NQ,nonlinear,2026-02-27,20260227_NQbullish put spread_atp_Exp20260618,386629.8400903237,0.035487772000124096,ok,
configs/NQ/nonlinear/20260227/20260227_NQbullish put spread_atp_Exp20260918.yaml,NQ/nonlinear/atp/20260227/20260227_NQbullish put spread_atp_Exp20260918.csv,NQ,nonlinear,2026-02-27,20260227_NQbullish put spread_atp_Exp20260918,118417.60910973605,0.03664365100030409,ok,
configs/NQ/nonlinear/20260227/20260227_NQlong straddle_atp_Exp20260618.yaml,NQ/nonlinear/atp/20260227/20260227_NQlong straddle_atp_Exp20260618.csv,NQ,nonlinear,2026-02-27,20260227_NQlong straddle_atp_Exp20260618,3323324.1507460577,0.037391005999779736,ok,
configs/NQ/nonlinear/20260227/20260227_NQlong straddle_atp_Exp20261218.yaml,NQ/nonlinear/atp/20260227/20260227_NQlong straddle_atp_Exp20261218.csv,NQ,nonlinear,2026-02-27,20260227_NQlong straddle_atp_Exp20261218,4004509.0532652955,0.0389443369995206,ok,
configs/NQ/nonlinear/20260227/20260227_NQlong strangle_atp_Exp20260320.yaml,NQ/nonlinear/atp/20260227/20260227_NQlong strangle_atp_Exp20260320.csv,NQ,nonlinear,2026-02-27,20260227_NQlong strangle_atp_Exp20260320,596130.016167252,0.03647396900032618,ok,
configs/NQ/nonlinear/20260227/20260227_NQlong strangle_atp_Exp20260618.yaml,NQ/nonlinear/atp/20260227/20260227_NQlong strangle_atp_Exp20260618.csv,NQ,nonlinear,2026-02-27,20260227_NQlong strangle_atp_Exp20260618,870196.324293517,0.03622428700055025,ok,
